game_id,publisher_id
actionfighter,26
afterburner,26
akaikoudanzillion,26
aleste,26
alexkiddmw,26
alexkiddtls,26
aliensyndrome,26
anmitsuhime,26
argosnojuujiken,26
ashura,26
astroflash,26
astrowarrior,26
bladeeagle,26
alexkiddbmxtrial,26
bomberraid,26
borgman,26
captainsilver,26
dokidokipenguinlandud,26
doubledragon,26
doubletargetcnm,26
enduroracer,26
f16ff,26
familygames,26
fantasyzone,26
fantasyzone2oonn,26
bubblebobble,26
galacticprotector,26
ghosthouse,26
dumpmatsumoto,26
maougolvellius,26
greatbaseball,26
greatbasketball,26
greatfootball,26
greatgolf,26
greaticehockey,26
greatsoccer,26
greatvolleyball,26
hajanofuuin,26
hangon,26
kimengumi,26
hokutonoken,26
hoshiwosagashite,26
kenseiden,26
kujakuou,26
lordofsword,26
lorettanoshozou,26
comicalmachinegunjoe,26
mahjongsengokujidai,26
makairetsuden,26
mastersgolf,26
mazewalker,26
megumirescue,26
nazca88,26
nekkyuukoshien,26
outrun,26
opaopa,26
phantasystar,26
pitpot,26
rtype,26
rocky,26
satellite7,26
sdi,26
seishunscandal,26
shinobi,26
solomonnokagiornn,26
spaceharrier,26
spaceharrier3d,26
worldsoccer,26
spyvsspy,26
sukebandeka2std,26
superracing,26
greattennis,26
superwonderboy,26
superwonderboymw,26
teddyboyblues,26
tenseibakabon,26
thecircuit,26
ninja,26
theproyakyuupr,26
thunderblade,26
triformation,26
woodypopsnbk,26
worldsoccer,26
ys,26
zaxxon3d,26
actionfighter,26
aerialassault,26
anmitsuhime,26
alexkiddtls,26
alexkiddmw,26
alexkiddsw,26
alf,26
aliensyndrome,26
juuouki,26
americanprofootball,41
assaultcity,26
astrowarrior,26
afterburner,26
nazca88,26
hokutonoken,26
bladeeagle,26
bomberraid,4
californiagames,26
captainsilver,26
casinogames,26
castleofillusion8bit,26
choplifter,26
chuukataisen,26
columns,26
borgman,4
deadangle,26
dicktracy,26
doubledragon,26
eswat,26
enduroracer,26
f16ff,26
f16ff,26
opaopa,26
fantasyzone2oonn,26
galaxyforce,4
gangstertown,26
ghosthouse,26
ghostbusters,26
daimakaimura,26
sdi,26
goldenaxe,26
goldenaxewarrior,26
maougolvellius,26
theproyakyuupr,26
greatbasketball,26
greatfootball,26
mastersgolf,26
greaticehockey,26
worldsoccer,26
greatvolleyball,26
hangonastrowarrior,26
hangonsafarihunt,26
heavyweightchamp,26
joemontanafootball8bit,26
kenseiden,26
kingsquestqftc,24
makairetsuden,26
lordofsword,26
marksmanshootingtrapshooting,26
mazewalker,26
michaeljacksonsmoonwalker,26
hajatofuuin,26
missiledefense3d,26
monopolysms,26
montezumasrevengefpj,24
seishunscandal,26
outrun,26
paperboy,26
familygames,26
dokidokipenguinlandud,26
phantasystar,26
poseidonwars3d,26
aleste,26
dumpmatsumoto,26
psychofox,26
doubletargetcnm,26
rtype,26
rcgrandprix,30
ashura,26
rambo3,26
rampage,4
rastansaga,26
americanbaseball,26
rescuemission,26
rocky,26
shanghai,26
shinobi,26
shootinggallery,26
slapshot,26
sonicthehedgehog8bit,26
spaceharrier,26
spaceharrier3d,26
kujakuou,26
spidermanvsthekingpin8bit,26
sportspadfootball,26
spyvsspy,26
striderhiryuu,26
supermonacogp,26
greattennis,26
teddyboyblues,26
ninja,26
thunderblade,26
timesoldiers,26
astroflash,26
vigilante,26
wanted,26
whereintheworldiscarmensandiego,24
superwonderboy,26
wonderboy3tdt,26
superwonderboymw,26
thecircuit,26
ys,26
zaxxon3d,26
akaikoudanzillion,26
triformation,26
aceofaces,26
actionfighter,26
actionfighter,26
aerialassault,26
afterburner,26
airrescue,26
aladdin8bit,26
anmitsuhime,26
alexkiddtls,26
alexkiddmw,26
alexkiddsw,26
alien3,5
alienstorm,26
aliensyndrome,26
juuouki,26
americanbaseball,26
americanprofootball,26
andreagassitennis,26
arcadesmashhits,39
assaultcity,26
assaultcity,26
asterixsega,26
asterixatgr,26
asterixatgr,26
asterixatsm,26
asterixatsm,26
astrowarriorpitpot,26
supermonacogp2,26
supermonacogp2,26
nazca88,26
backtothefuture2,19
backtothefuture3,19
bankpanic,26
bankpanic,26
basketballnightmare,26
batmanreturnssms,26
batmanreturnssms,26
battleoutrun,26
hokutonoken,26
bladeeagle,26
bomberraid,26
bonanzabros,26
bramstokersdracula8bit,31
bubblebobble,32
buggyrun,26
californiagames,26
californiagames2,26
captainsilver,26
casinogames,26
castleofillusion8bit,26
championsofeurope,26
championshiphockey,37
cheesecatastrophessg,26
cheesecatastrophessg,26
choplifter,26
chuckrock,39
chuckrock2soc,26
chuukataisen,26
columns,26
coolspot,39
linusspaceheadscosmiccrusade,8
borgman,26
daffyduckinhollywood,26
danantjf,26
deadangle,26
deepducktroublesdd,26
desertspeedtrapsrrawec,26
desertspeedtrapsrrawec,26
desertspeedtrapsrrawec,26
desertstrike,10
dicktracy,26
doubledragon,26
doublehawk,26
drrobotnikmeanbeanmachine,26
dragontbls,39
dragoncrystaltnm,26
dynamiteduke,26
dynamitedux,26
eccothedolphin,26
eswat,26
enduroracer,26
f16ff,26
f16ff,26
f1,10
fantasticdizzy,8
opaopa,26
fantasyzone2oonn,26
fireandforget2,26
lostworlds,26
glocairbattle,26
gainground,26
galaxyforce,26
gameboxserieesportes,26
gangstertown,26
gauntlet,37
heavyweightchamp,12
ghosthouse,26
ghosthouse,26
ghostbusters,26
daimakaimura,26
sdi,26
goldenaxe,26
goldenaxewarrior,26
golfamania,26
maougolvellius,26
gprider,26
theproyakyuupr,26
greatbasketball,26
greatfootball,26
mastersgolf,26
greatsoccer,26
greatvolleyball,26
hangon,26
hangon,26
heavyweightchamp,26
heroesofthelance,37
homealonesms,26
impossiblemission,37
indianajonesandthelastcrusadetag,37
indianajonesandthelastcrusadetag,37
indianajonesandthelastcrusadetag,26
jamesbond007td,10
jamespond2codenamerobocod,37
jamespond2codenamerobocod,23
joemontanafootball8bit,26
jurassicparksega8bit,26
jurassicparksega8bit,26
kenseiden,26
klax,35
rattrap,12
makairetsuden,26
landofillusionsmm,26
laserghost,26
lemmings,26
lineoffire,26
lordofsword,26
marblemadness,39
marksmanshootingtrapshootingsafarihunt,26
mastergames1,26
masterofdarkness,26
masterofdarkness,26
mastersofcombat,26
mazewalker,26
senjounoookami2,26
michaeljacksonsmoonwalker,26
globalgladiators,39
micromachines,8
hajatofuuin,26
missiledefense3d,26
monopolysms,26
monopolysms,26
mortalkombat,5
mortalkombat2,2
mspacman,36
seishunscandal,26
seishunscandal,26
seishunscandal,26
ninjagaiden,26
olympicgold,37
winterolympicgames,37
winterolympicgames,23
operationwolf,32
outrun,26
outrun3d,26
outruneuropa,37
pacmania,26
paperboy,37
familygames,26
dokidokipenguinlandud,26
pgatourgolf,35
phantasystar,26
pitfighter,10
populous,26
poseidonwars3d,26
aleste,26
powerstrike2,26
predator2,5
princeofpersia,10
dumpmatsumoto,26
psychicworld,26
psychofox,26
puttandputter,26
doubletargetcnm,26
rtype,26
rcgrandprix,26
rainbowislands,26
rambo3,26
rampage,26
rampart,26
rastansaga,32
renegade,26
rescuemission,26
roadrash,37
roadrash,23
roadrash,26
robocop3,12
robocopversustheterminator,39
robocopversustheterminator,39
rocky,26
runningbattle,26
sagaia,32
astrowarrior,26
scramblespirits,26
ashura,26
segachess,26
segaworldtournamentgolf,26
sensiblesoccerec,31
shadowdancer,26
shadowofthebeast,26
shanghai,26
shinobi,26
shootinggallery,26
slapshot,26
slapshot,26
sonicthehedgehog8bit,26
sonicthehedgehog28bit,26
sonicthehedgehog28bit,26
sonicandtails,26
sonicspinball,26
sonicspinball,26
spacegun,32
spaceharrier,26
spaceharrier3d,26
specialcriminalinvestigation,32
speedball,19
speedball,39
speedball2brutaldeluxe,39
kujakuou,26
spidermanvsthekingpin8bit,26
spidermanrotss,12
spidermanrotss,26
spyvsspy,26
spyvsspy,26
starwars,37
starwars,23
stretsofrage,26
streetsofrage2,26
striderhiryuu,26
strider2usg,37
submarineattack,26
summergames,26
superkickoff,37
supermonacogp,26
superoffroad,39
smashtv,12
superspaceinvaders,10
greattennis,26
greattennis,26
supermantmos,39
t2thearcadegame,5
taitochasehq,32
tazmania8bit,26
tecmoworldcup93,26
teddyboyblues,26
teddyboyblues,26
tennisace,26
terminator2judgmentday,12
theaddamsfamily8bit,12
thecybershinobi,26
theflash,26
theflash,26
theflintstonesms,26
theincrediblecrashdummies8bit,12
theincrediblehulk,37
theincrediblehulk,23
thejunglebook,39
thejunglebook,39
thejunglebook,39
thejunglebook,39
thejunglebook,39
thejunglebook,39
thelionking,39
thelionking,39
thelionking,26
thelionking,39
thelionking,39
thelionking,39
thelionking,39
theluckydimecapersdd,26
theluckydimecapersdd,26
thenewzealandstory,34
ninja,26
theottifants,26
theottifants,26
thesimpsonsbvtsm,12
thesimpsonsbvtsm,26
thesimpsonsbvtw,12
thesmurfs,20
lesschtroumpfsadm,26
theterminator,39
thunderblade,26
timesoldiers,26
tomandjerrythemovie,26
astroflash,26
astroflash,26
astroflash,26
trivialpursuitge,10
ultima4qota,26
ultimatesoccer,26
vigilante,26
wanted,26
wimbledon,26
wimbledon,26
wimbledon2,26
wolfchild,39
superwonderboy,26
superwonderboy,26
wonderboy3tdt,26
superwonderboymw,26
wonderboy5monsterworld3,26
wonderboy5monsterworld3,26
worldclassleaderboard,37
worldcupitalia90,26
worldcupusa94,37
worldgames,26
thecircuit,26
worldsoccer,26
wwfwrestlemaniascc,12
xenon2megablast,19
xenon2megablast,39
ys,26
zaxxon3d,26
akaikoudanzillion,26
akaikoudanzillion,26
akaikoudanzillion,26
triformation,26
zooltnotnthd,26
20em1,33
aceofaces,33
actionfighter,33
aerialassault,33
afterburner,33
airrescue,33
aladdin8bit,33
anmitsuhime,33
alexkiddtls,33
alexkiddsw,33
alien3,33
alienstorm,33
aliensyndrome,33
juuouki,33
juuouki,33
americanbaseball,33
andreagassitennis,33
arielthelittlemermaid,33
asterixatsm,33
assaultcity,33
asterixsega,33
asterixatgr,33
asterixatsm,33
supermonacogp2,33
astrowarrior,33
nazca88,33
backtothefuture2,33
bakubakuanimal,33
bankpanic,33
basketballnightmare,33
batmanreturnssms,33
battleoutrun,33
battletoadsinbattlemaniacs,33
hokutonoken,33
bladeeagle,33
bonanzabros,33
bonkerswaxup,33
bubblebobble,33
buggyrun,33
californiagames,33
californiagames2,33
captainsilver,33
casteloratimbum,33
castleofillusion8bit,33
championsofeurope,33
ghosthouse,33
cheesecatastrophessg,33
choplifter,33
chuckrock,33
chuckrock2soc,33
chuukataisen,33
columns,33
borgman,33
daffyduckinhollywood,33
danantjf,33
deadangle,33
deepducktroublesdd,33
desertspeedtrapsrrawec,33
dicktracy,33
doubledragon,33
drrobotnikmeanbeanmachine,33
dragoncrystaltnm,33
dynamiteduke,33
dynamitedux,33
dynamiteheaddy,33
eswat,33
earthwormjim,33
eccothedolphin,33
eccottot,33
enduroracer,33
f16ff,33
f1,33
opaopa,33
fantasyzone2oonn,33
feriasfrustradasdopicapau,33
fifainternationalsoccer,33
fireandice,33
lostworlds,33
glocairbattle,33
gainground,33
galaxyforce,33
californiagames,33
gameboxseriecorridas,33
gameboxserieesportes,33
gameboxserielutas,33
gangstertown,33
gangstertown,33
gauntlet,33
heavyweightchamp,13
teddyboyblues,33
ghosthouse,33
ghostbusters,33
daimakaimura,33
daimakaimura,33
sdi,33
goldenaxe,33
goldenaxewarrior,33
golfamania,33
maougolvellius,33
gprider,33
greatbasketball,33
greatvolleyball,33
heavyweightchamp,33
heroesofthelance,33
impossiblemission,33
indianajonesandthelastcrusadetag,33
indianajonesandthelastcrusadetag,33
jamesbond007td,33
jamespond2codenamerobocod,38
joemontanafootball8bit,33
jurassicparksega8bit,33
kenseiden,33
rattrap,3
makairetsuden,33
landofillusionsmm,33
legendofillusionsmm,33
lemmings,33
lineoffire,33
lordofsword,33
marksmanshootingtrapshooting,33
masterofdarkness,33
mastersofcombat,33
mazewalker,33
senjounoookami2,33
michaeljacksonsmoonwalker,33
globalgladiators,40
mickeysultimatechallenge,33
hajatofuuin,33
missiledefense3d,33
superwonderboymw,33
mortalkombat,3
mortalkombat2,3
mortalkombat3,33
mspacman,33
seishunscandal,33
ninjagaiden,33
olympicgold,38
winterolympicgames,33
operationwolf,33
outrun,33
outrun,33
outrun3d,33
outruneuropa,33
paperboy,33
phantasystar,33
phantasystar,33
pitfighter,33
populous,33
poseidonwars3d,33
aleste,33
powerstrike2,33
predator2,3
princeofpersia,33
dumpmatsumoto,33
psychicworld,33
psychofox,33
puttandputter,33
questfortheshavenyaksrhands,33
rtype,33
rcgrandprix,33
rainbowislands,33
rambo3,33
rampage,33
rastansaga,33
renegade,33
rescuemission,33
roadrash,38
robocop3,13
robocopversustheterminator,33
rocky,33
runningbattle,33
sagaia,33
makairetsuden,33
astrowarrior,33
psychofox,33
scramblespirits,33
segachess,33
segaworldtournamentgolf,33
shadowdancer,33
shadowofthebeast,33
shinobi,33
shinobi,33
shootinggallery,33
sitiodopicapauamarelo,33
slapshot,33
sonicthehedgehog8bit,33
sonicthehedgehog28bit,33
sonicandtails,33
sonicspinball,33
sonicblast,33
spaceharrier3d,33
kujakuou,33
spidermanvsthekingpin8bit,33
spidermanrotss,3
spyvsspy,33
starwars,38
streetfighter2,33
stretsofrage,33
streetsofrage2,33
striderhiryuu,33
strider2usg,38
submarineattack,33
summergames,33
worldcupitalia90,33
superkickoff,33
supermonacogp,33
tennisace,33
supermantmos,40
tazmania8bit,33
tazinescapefrommars,33
teddyboyblues,33
thecybershinobi,33
theflash,33
theflintstonesms,33
theincrediblecrashdummies8bit,3
theincrediblehulk,33
thejunglebook,40
thelionking,40
theluckydimecapersdd,33
ninja,33
theottifants,33
thesimpsonsbvtsm,33
thesimpsonsbvtw,3
thesmurfs,33
theterminator,40
thunderblade,33
timesoldiers,33
tomandjerrythemovie,33
astroflash,33
wonderboy3tdt,33
ultima4qota,33
ultimatesoccer,33
vigilante,33
virtuafighteranimation,33
wanted,33
whereintheworldiscarmensandiego,33
wimbledon,33
wimbledon2,33
wolfchild,40
superwonderboy,33
worldclassleaderboard,38
worldcupitalia90,33
worldcupusa94,38
worldgames,33
thecircuit,33
worldsoccer,33
wwfwrestlemaniascc,33
xmenmojoworld,33
ys,33
zaxxon3d,33
akaikoudanzillion,33
triformation,33
94superworldcupsoccer,9
agigongnyongdooly,9
alibaba,17
blockhole,43
bubblebobble,7
powerboggleboggle,42
cso,21
condori,17
cyborgz,43
dallyeorapiguwang,14
eiexainnova,17
eagles5,43
f1spirittwtf1,43
fatetris,11
flashpoint,43
gaegujangikkachi,17
galaxian,17
gangcheolrobocop,28
honggildong,7
jangpung2,28
jangpung3,28
janggunuiadeul,9
msxsoccer,18
nemesis,43
nemesis2,43
newboggleboggle,43
penguinadventure,43
phantasystar,29
pooyan,17
puznic,43
samgukji3,14
seishunscandal,29
skyfighter,7
skyjaguar,7
spyvsspy,29
streetmaster,43
woodypopsnbk,17
superbioman1,17
superboy1,43
superboy2,43
superboy3,43
superboy4,43
superbubblebobble,43
supercolumnstetris,17
superpenguin,28
tankbatallion,29
agigongnyongdooly,9
microxevious,43
thethreedragonstory,43
totoworld3,9
wonsiin,43
11hapgamboy,22
best25,43
best39,43
best88,43
2hapin1,18
zemina4in1,43
3in3a,17
3in1b,17
3in1c,17
3in1d,17
3in1e,17
3in1f,17
8in1a,17
8in1b,17
8in1c,17
aerialassault,16
alexkiddmw,16
argosnojuujiken,16
hokutonoken,16
choplifter,16
doubledragon,16
f16ff,16
fantasyzone,1
bubblebobble,16
lostworlds,16
greatbasketball,16
hokutonoken,16
lordofsword,16
makairetsuden,16
nazca88,16
paperboy,16
dokidokipenguinlandud,16
princeofpersia,16
doubletargetcnm,16
rtype,16
scramblespirits,16
ashura,16
seishunscandal,16
shadowdancer,16
shadowofthebeast,16
striderhiryuu,16
submarineattack,16
thecybershinobi,16
ninja,16
thunderblade,16
mahjongsengokujidai,26
4pakallaction,15
alexkiddmw,26
asterixsega,26
castleofillusion8bit,26
eswat,26
fantasyzone,26
phantasystar,26
alexkiddmw,26
alexkiddmw,29
hangonsafarihunt,26
hangon,26
missiledefense3d,26
sonicthehedgehog8bit,26
castleofillusion8bit,26
daimakaimura,26
goldenaxe,26
striderhiryuu,26
superbasketball,26
worldcupitalia90,26
ys,26
astrowarriorpitpot,26
heavyweightchamp,26
missiledefense3d,26
slapshot,26
3dgunner,26
choplifter,26
colorandswitchtest,26
colorandswitchtest,26
dinobashersbtc,8
gamedecheckka,26
hook,31
indianajonesandthelastcrusadetag,37
lemmings2thetribes,25
nbajam,6
patrileybasketball,26
promocaoespecialmsystem3c,33
segagraphicboard,26
sonicsedusoft,26
teddyboyblues,26
theexcellentdizzycollection,8
missiledefense3d,26
actionfighter,26
anmitsuhime,26
aliensyndrome,26
basketballnightmare,26
basketballnightmare,26
bomberraid,26
bladeeagle,26
borgman,26
captainsilver,26
choplifter,26
columns,26
borgman,26
deadangle,26
dokidokipenguinlandud,26
doublehawk,26
dynamitedux,26
eswat,26
eswat,26
eswat,26
fantasyzone,26
gainground,26
ghosthouse,26
sdi,26
golfamania,26
maougolvellius,26
hangon,26
hangonsafarihunt,26
heroesofthelance,37
impossiblemission,37
kingsquestqftc,24
kingsquestqftc,24
lemmings,27
mahjongsengokujidai,26
mastersgolf,26
michaeljacksonsmoonwalker,26
hajatofuuin,26
monopolysms,26
monopolysms,26
montezumasrevengefpj,24
ninjagaiden,26
outrun3d,26
pitpot,26
psychofox,26
puttandputter,26
rtype,26
rcgrandprix,26
rampage,26
rastansaga,32
scramblespirits,26
shanghai,26
slapshot,26
solomonnokagiornn,26
sonicandtails,26
sonicandtails,26
specialcriminalinvestigation,32
summergames,26
summergames,26
golfamania,26
supermonacogp,26
supermonacogp,26
supermonacogp,26
superoffroad,39
taitochasehq,32
tazmania8bit,26
tecmoworldcup93,26
thecybershinobi,26
theluckydimecapersdd,26
lesschtroumpfsadm,20
thunderblade,26
tomandjerrythemovie,26
astroflash,26
ultima4qota,26
masterofdarkness,26
superwonderboymw,26
wonderboy5monsterworld3,26
worldgames,26
thecircuit,26
zaxxon3d,26
triformation,26
alexkiddmw,26
alexkiddmw,26
alexkiddmw,26
astrowarriorpitpot,33
mazewalker,26
outrun3d,26
phantasystar,26
phantasystar,26
phantasystar,26
