game_id,tag_id
3x3eyesjuumahoukan,59
3x3eyesseimakourinden,1003
yoninshougi,2341
46okunenmonogatariharukanaruedene,926
96zenkokukoukousoccersenshuken,2260
abcmondaynightfootball,2218
accelebrid,1161
acewonerae,1339
acrobatmission,1126
actionpachio,394
actraiser,380
actraiser2chinmokuenoseisen,298
f1superdriving,2047
aresshadeikou3,1214
airmanagementoozoranikakeru,2547
airmanagementoozoranikakeru,2548
airmanagement2koukuuouwomezase,2547
majotachinonemuri,570
majotachinonemuri,571
akazukinchacha,987
akumajoudraculasuper,355
akumajoudraculaxx,355
aladdinsnes,322
albertodyssey,1080
albertodyssey,1082
albertoodyssey2jashinnotaidou,1069
alcahest,956
alicenopaintadventure,563
alien3snes,510
aliensvspredator,1808
americaoudanultraquizsuper,820
americanbattledome,2522
ancientmagicbazoomahousekai,1016
andreagassitennis,1745
angelique,553
angelique,560
angelique,559
brutalpawsoffury,1910
animaniacssnes,393
aokidensetsushoot,2424
appleseedprometheusnoshintaku,474
aqutallion,1016
arabiannightssabakunoseireiou,990
araigumarascal,1708
arcusodyssey,1647
ardylightfoot,153
area88,1655
aretha,1016
aretha,1039
aretha2arielnofushiginatabi,1016
arkanoiddohitagain,1750
aryol,1707
katouhifumikudanshougishingiryuu,1802
asameshimaenyanko,1797
ashitanojoesfc,1918
assaultsuitsvalken,495
sougoukakutougiastralbout,1948
sougoukakutougiastralbout2thetotalfighters,1948
axelay,1129
bahamutlagoon,1069
kachiumayosousoftbakenrenkinjutsu,1225
bakukyuurenpatsusuperbdaman,2466
bakumatsukourindenoni,990
bakutoudodgersbumpsjimawaoosawagi,2473
ballbulletgun,2131
ballz,1893
blitzkriegtoubusensen194145,1314
barkleyshutupandjam,2392
bassmastersclassic,1256
bastardankokunohakaishin,1858
batmanforever,1685
batmanreturnssfc,656
battleblaze,1870
battlecommanderhachibushuushuranoheihou,1309
battlecross,2613
battledodgeball,2211
battledodgeball2,2212
battlegrandprix,2045
battlejockey,2533
battlemasterkyuukyokunosenshitachi,1878
battlepinball,774
battleracers,2084
battlerobotretsuden,1067
battlerobotretsuden,1068
battlesoccerfieldnohasha,2254
battlesoccer2,2271
battlesubmarine,1184
battletycoonflashhiderssfx,1891
battletycoonflashhiderssfx,1892
battlezequeden,124
battletech,1146
mechwarrior3050,1572
battletoadsinbattlemaniacs,1453
beautyandthebeast,225
benkeigaidensunanoshou,1016
bestshotprogolf,1334
bigichigekipachislodaikouryaku,751
bigichigekipachislodaikouryaku2universalcollection,750
bigrunthesupreme4wdchallenge13erallye,855
bigrunthesupreme4wdchallenge13erallye,856
bingbingbingo,1949
biometal,1104
bishindensetsuzoku,2044
bishoujojanshisuchiepai,605
bishoujojanshisuchiepai,606
bishoujosenshisailormoon,1577
bishoujosenshisailormoonr,1699
bishoujosenshisailormoonsjougairantoushuyakusoudatsusen,1828
bishoujosenshisailormoonskondowapuzzledeoshiokiyo,1956
bishoujosenshisailormoonskurukkurin,1966
bishoujosenshisailormoonsupersfuwafuwapanic,2020
bishoujosenshisailormoonsuperszeninsankashuyakusoudatsusen,1828
bishoujosenshisailormoonanotherstory,987
bishoujowrestlerretsudenblizzardyukirannyuu,1946
blackthorne,46
blazeon,1104
blockkuzushi,1761
bokujoumonogatari,883
bokujoumonogatari,884
bombermanbdaman,2465
bombuzal,1351
bonkers,305
bountysword,1069
brainlord,902
brandish,904
brandish2theplanetbuster,904
brandish2theplanetbuster,904
breathoffireryuunosenshi,1016
breathoffireryuunosenshi,1020
breathoffire2shimeinoko,1016
breathoffire2shimeinoko,1020
bsxsorewanamaewonusumaretamachinomonogatari,692
bugsbunnyrabbitrampage,211
bullsvsblazersandthenbaplayoffs,1725
buraihachigyokunoyuushidensetsu,1027
bushiseiryuudenfutarinoyuusha,957
cacomaknight,1678
californiagames2,2624
cameltry,1356
captaincommando,1584
captaintsubasa3kouteinochousen,1186
captaintsubasa4pronorivaltachi,1186
captaintsubasa5hashanoshougoucampione,1186
captaintsubasajthewaytoworldyouth,2105
caravanshootingcollection,1121
cardmasterrimsalianofuuin,978
carrieraces,2117
casperkss,60
cbcharawarsushinawaretagag,1626
championsworldclasssoccer,2278
chaosseedfuusuikairouki,902
chibimarukochanharikiri365nichinomaki,1775
chibimarukochanmezaseminaminoisland,2463
chinhai,1706
choplifter3,1096
chouanikibakuretsurantouhen,1878
chougojirasupergodzilla,107
chougojirasupergodzilla,108
choumahoutairikuwozz,1016
choumakaitaisendorabocchan,926
choumakaimura,24
choujikuutousaimacrossscrambledvalkyrie,1099
chronotrigger,990
kylepettysnofearracing,2072
civilization,1324
classicroad,1230
classicroad2,1230
clocktower,565
clockwerx,98
columns,2011
computernouryokukaisekiultrabaken,2544
contraspirits,1543
conveniwarsbarcodebattlersenkisupersenshishutsugekiseyo,2118
coronland,2462
cosmogangthepuzzle,2021
cosmogangthevideo,1648
cosmopolicegalivan2arrowofjustice,1809
crayonshinchanarashiwoyobuenji,90
crayonshinchan2daimaounogyakushuu,672
crystalbeansfromdungeonexplorer,2302
endorfun,794
cyberknight,1032
cyberknight2chikyuuteikokunoyabou,1016
cyborg009,12
dai3jisuperrobottaisen,1057
dai3jisuperrobottaisen,1058
dai3jisuperrobottaisen,1059
dai3jisuperrobottaisen,1060
dai4jisuperrobottaisen,1054
dai4jisuperrobottaisen,1055
daibakushoujinseigekijou,2477
daibakushoujinseigekijoudokidokiseishunhen,2477
daibakushoujinseigekijouooedonikki,2604
daibakushoujinseigekijouzukkokesalarymanhen,2478
daibakushoujinseigekijouzukkokesalarymanhen,2479
daikaijuumonogatari,990
daikaijuumonogatari,992
daikaijuumonogatari2,1041
daikoukaijidai2,1304
daisenryakuexpert,1311
daisenryakuexpertww2warineurope,1280
dariusforce,1100
dariustwin,1652
darkhalf,1069
darkkingdom,990
darklawmeaningofdeath,979
datekimikonovirtualtennis,2636
davidcranesamazingtennis,2294
deaddance,1905
deaetonosamaappareichiban,1473
dearboys,1185
deathbrade,1886
dekitatehighschool,1213
demonsblazonmakaimuramonshouhen,340
densetsunoogrebattle,890
densetsunoogrebattle,892
langrisser2,1084
langrisser2,1085
derbyjockeykishuouenomichi,1230
derbyjockeykishuouenomichi,1231
derbyjockey2,1234
derbyjockey2,1235
derbystallion96,1222
derbystallion98,1221
derbystallion2,1217
derbystallion3,1217
derbystallion3,1218
derbystallion3,1219
derbystallion3,1220
desertfightersunanoarashisakusen,1117
desertstrike,1120
bazookablitzkrieg,2327
dezaemonsfc,726
darumadoujou,1970
dimensionforce,1122
dinowarskyouryuuoukokuenodaibouken,1403
dokapon321arashiwoyobuyuujou,2480
dokapon321arashiwoyobuyuujou,2481
dokapongaidenhonoonoaudition,2482
dokuritsusensoulibertyordeath,2127
doukyuusei2,552
doluckysaleaguesoccer,2252
doluckynokusayakiu,2179
doluckynopuzzletour94,1991
donaldducknomahounoboushi,155
mauimallard,307
doom,1134
doraemonnobitatoyouseinokuni,371
doraemonnobitatoyouseinokuni,372
doraemon2nobitanotoyslanddaibouken,369
doraemon3nobitatotokinohougyoku,364
doraemon4nobitatotsukinooukoku,1510
doremifantasymilonnodokidokidaibouken,298
dossungansekibattle,1991
downtheworldmervilsambition,979
downtownnekketsubaseballmonogatariyakyuudeshoubudakuniokun,2151
drmario,2010
dragonballzhyperdimension,1897
dragonballzsuperbutouden,1858
dragonballzsuperbutouden2,1858
dragonballzsuperbutouden2,1859
dragonballzsuperbutouden3,1858
dragonballzsupergokuudenkakuseihen,1003
dragonballzsupergokuudentotsugekihen,1003
dragonballzsupersaiyadensetsu,1003
dragonballzsupersaiyadensetsu,1004
dragonknight4,1064
dragonquest12,1026
dragonquest3soshitedensetsue,996
dragonquest5tenkuunohanayome,1016
dragonquest6maboroshinodaichi,990
dragonslayerthelegendofheroes,1030
dragonslayerthelegendofheroes,1040
dragonslayerthelegendofheroes2,983
dragonsearth,1319
dragonslairdragonsmagic,1404
drakkhen,931
dreambasketballdunkandhoop,2596
driftkingshutokoubattle94tsuchiyakeiichiandbandoumasaaki,828
driftkingshutokoubattle2tsuchiyakeiichiandbandoumasaaki,828
dualorbseireitamadensetsu,1016
dualorb2,990
dunquestmajinfuuinnodensetsu,926
dungeonmaster,974
dungeonmaster,975
dynamaitethelasvegas,755
dynamicstadium,2379
earthlight,1311
earthlightlunastrike,1302
earthwormjim,302
edonokiba,673
eiennofilerna,1001
elfaria,1016
elfaria2,990
elnard,990
emeralddragon,995
emitvol1tokinomaigo,576
emitvol2inochigakenotabi,576
emitvol3watashinisayonarawo,576
energybreaker,1080
esparksijikuukaranoraihousha,894
estpolisdenki,1016
estpolisdenki,1020
estpolisdenki2,1016
europesensen,2122
exhaustheat,847
exhaustheat2f1driverenomichi,854
eyeofthebeholder,965
f1grandprix,849
f1grandprixpart2,844
f1grandprixpart3,846
fzero,823
famicombunkohajimarinomori,525
famicomtanteiclubpart2ushironitatsushoujo,530
famicomtanteiclubpart2ushironitatsushoujo,531
farlandstory,1056
farlandstory2,1056
fedatheemblemofjustice,1069
fifa94,2601
fightershistory,1841
fightershistorymizoguchikikiippatsu,2345
mlbpabaseball,2178
sougoukakutougiringsastralbout3,1948
finalfantasy4,1036
finalfantasy4,1038
finalfantasy4,1036
finalfantasy5,990
finalfantasy6,1000
finalfight,665
finalfight2,1604
finalfight,665
finalfighttough,1581
finalstretch,2054
finalset,2452
fireemblemmonshounonazo,1080
fireemblemmonshounonazo,1082
fireemblemseisennokeifu,1069
fireemblemthracia776,1075
fireemblemthracia776,1076
fireemblemthracia776,1069
firefighting,65
fireprojoshiallstardreamslam,686
firstqueenornicsenki,887
firstsamurai,429
fishingkoushien,1245
flashback,68
flyingherobugyurunodaibouken,1124
oonitaatsushifmw,1889
foremanforreal,685
fortunequestdicewokorogase,2615
frankthomasbighurtbaseball,2161
fromtvanimationslamdunksdheatup,2595
fromtvanimationslamdunkyonkyougekitotsu,2203
fromtvanimationslamdunkyonkyougekitotsu,2204
fromtvanimationslamdunk2ihyosenkanzenban,2202
frontmission,1069
frontmission,1071
frontmissiongunhazard,491
fullthrottleallamericanracing,2098
funakimasakatsuhybridwrestlertougidenshou,1947
funetarou,1237
shougifuurinkazan,634
furutaatsuyanosimulationproyakyuu2,2160
fushiginodungeon2fuurainoshiren,926
fushiginodungeon2fuurainoshiren,952
godmezameyotoyobukoegakikoe,1016
gaiagensouki,902
gaiasaverherosaidainosakusen,984
gakkoudeattakowaihanashi,570
gakkoudeattakowaihanashi,571
galaxyrobo,1301
galaxywars,1427
gamblerjikochuushinhamahjongooisen,629
gamblerjikochuushinha2doraponquest,630
gamblinghourouki,2509
gamenotatsujin,632
gamenotetsujintheshanghai,779
gameragyaosgekimetsusakusen,1306
ganbaregoemonyukihimekyuushutsuemaki,1446
ganbaregoemonyukihimekyuushutsuemaki,1448
ganbaregoemonyukihimekyuushutsuemaki,1449
ganbaregoemon2kiteretsushougunmagginesu,1511
ganbaregoemon3shishijuurokubeenokarakurimanjigatame,1517
ganbaregoemon3shishijuurokubeenokarakurimanjigatame,1519
ganbaregoemon3shishijuurokubeenokarakurimanjigatame,1520
ganbaregoemonkirakiradouchuubokugadancerninattawake,2338
ganbaregoemonkirakiradouchuubokugadancerninattawake,2339
ganbaregoemonkirakiradouchuubokugadancerninattawake,2340
ganbaredaikunogensan,143
ganganganchan,1768
ganpurugunmansproof,926
gansopachinkoou,767
gansopachislonipponichi,754
garoudensetsusnt,1886
garoudensetsusnt,1887
garoudensetsu2at,1841
garoudensetsu2at,1842
garoudensetsuspecial,1845
superbattletank,1137
gdleen,1003
gdleen,1004
gegegenokitaroufukkatsutenmadaiou,1542
gekitotsudanganjidoushakessenbattlemobile,1467
gekitouburningprowrestling,2590
genjuuryodan,1317
genocide2,127
getinthehole,731
getsumennoanubis,575
ghostchaserdensei,1581
ghoulpatrol,1567
gindamaoyakatanopachinkohisshouhou,771
gindamaoyakatanopachinkohisshouhou,772
gingaeiyuudensetsusfc,2128
gingasengokugunyuudenrai,1307
gionbana,2485
gogoackman,213
gogoackman2,213
gogoackman3,417
shinzuitaikyokuigogosennin,1786
gogododgeleague,2398
gogododgeleague,2399
gojirakaijuudaikessen,1821
gojirakaijuudaikessen,1822
gokinjoboukentai,990
gokujouparodiuskakonoeikouwomotomete,1434
gon,309
gooftroop,1458
gouketsujiichizoku,1917
gourmetsentaibarayarou,1604
gousoujinraidensetsumusha,24
gp1,2063
gp1rsrapidstream,2062
gradius3,1433
granhistoriagenshisekaiki,1016
granhistoriagenshisekaiki,1020
ghostsweepermikamijoreishiwanicebody,149
gtracing,2037
gunforcebfeti,1553
habumeijinnoomoshiroshougi,1804
hagane,143
haiseimahjongryouga,591
hakunetsuproyakyuuganbaleague,2158
hakunetsuproyakyuuganbaleague,2159
hakunetsuproyakyuuganbaleague93,1330
hakunetsuproyakyuuganbaleague94,1330
hamelnnoviolinhiki,367
hananokeijikumonokanatani,1914
hanafudaou,589
hanjukuheroaasekaiyohanjukunare,1050
hanseizarujirokunnodaibouken,403
haoutaikeiryuuknightlordofpaladin,921
haoutaikeiryuuknightlordofpaladin,922
harapekobakka,2524
harleyshumongousadventure,1357
hashirehebereke,2083
hashiriyaridersspiritstamashii,2085
hattrickhero,2440
hattrickhero2,2439
hatayamahatchnoproyakyuunewsjitsumeiban,2555
hayazashinidanmoritashougi,638
hayazashinidanmoritashougi2,639
heberekenooishiipuzzlewairimasenka,2510
heberekenopopoon,1991
heianfuuunden,1069
heiseigunjinshougi,1776
heiseiinumonogataribowpopnsmash,1762
heiseishinonigashimakouhen,536
heiseishinonigashimazenpen,536
heiwapachinkoworld,763
heiwapachinkoworld2,760
heiwapachinkoworld3,760
heiwaparlormini8pachinkojikkisimulationgame,765
hellopacman,88
heraclesnoeikou3kamigaminochinmoku,1016
heraclesnoeikou4kamigamikaranookurimono,1016
herosenkiprojectolympus,1005
hinooujiyamatotakeru,990
higashioosamukanshuusuperproyakyuustadium,2160
hioudenmamonotachitonochikai,1064
hiryuunokensgoldenfighter,1913
hiryuunokenshyperversion,1913
hissatsupachinkocollection,757
hissatsupachinkocollection2,757
hissatsupachinkocollection3,757
hissatsupachinkocollection4,757
hisshou777fighterpachisloryuuguudensetsu,1953
hisshou777fighter2pachislomaruhijouhou,1953
hisshou777fighter3kokuryuounofukkatsu,1953
hisshoupachislofun,751
hokutonoken5tenmaryuuseidenaizetsushou,1003
hokutonoken6gekitoudenshoukenhaouenomichi,1858
hokutonoken7seikenretsudendenshoushaenomichi,1828
holystriker,2334
holyumbrelladonderanomubou,409
homealonesnes,15
hongkong97,1094
hongkong97,1093
honkakumahjongtetsuman,1788
honkakumahjongtetsuman2,595
honkakushougifuuunjiryuuou,634
honkakuhaigogosei,1784
honkehanafuda,2606
honkesankyofeverjikkisimulation,759
honkesankyofever2jikkisimulation,759
honkesankyofever3jikkisimulation,759
honoonotoukyūjidodgedanpeisfc,2209
hook,219
hoshinokirby3,1498
hoshinokirbysuperdeluxe,1527
hoshinokirbysuperdeluxe,1528
hoshinokirbysuperdeluxe,1529
houkagoinbeppinjogakuin,1316
houraigakuennoboukentenkouseiscramble,990
humanbaseball,2184
humangrandprix,2048
humangrandprix2,2048
humangrandprix3f1triplebattle,2321
humangrandprix4f1dreambattle,2320
hyperiria,146
hyperzone,1160
ideanohi,1016
igoclub,587
igoclub,588
ihatovomonogatari,520
ikarinoyousai,480
illvaniannoshiro,1286
inazumaservedasuperbeachvolley,2454
indianajonesgreatestadventures,432
tenniscup,1744
ippatsugyakuten,1230
ironcommando,1604
isozuriritouhen,1237
itadakistreet2neonsignwabaraironi,2493
itoishigesatonobasstsurino1,1236
itouhatasurokudannoshougidoujou,635
itouhatasurokudannoshougidoujou,636
jleague96dreamstadium,2435
jleagueexcitestage94,2446
jleagueexcitestage94,2447
jleagueexcitestage95,2446
jleagueexcitestage96,2431
jleagueexcitestage96,2432
jleaguesoccerprimegoal,2290
jleaguesoccerprimegoal,2291
jleaguesoccerprimegoal2,2290
jleaguesoccerprimegoal3,2267
jleaguesupersoccer,2431
jleaguesupersoccer95jikkyoustadium,2449
jakihakai,778
jammes,1991
janyuukigokuuranda,620
jbthesuperbass,1244
jerryboy,182
jigsawparty,2592
jikkyouoshaberiparodius,1438
jikkyoupowerprowrestling96maxvoltage,2356
jikkyoupowerfulproyakyuubasicban98,2167
jikkyoupowerfulproyakyuu2,2167
jikkyoupowerfulproyakyuu2,2168
jikkyoupowerfulproyakyuu2,2169
jikkyoupowerfulproyakyuu3,2167
jikkyoupowerfulproyakyuu3,2168
jikkyoupowerfulproyakyuu397haru,2167
jikkyoupowerfulproyakyuu397haru,2168
jikkyoupowerfulproyakyuu94,2185
jikkyoupowerfulproyakyuu96kaimakuban,2185
jikkyoupowerfulproyakyuu96kaimakuban,2186
jikkyouworldsoccerperfecteleven,2269
jikkyouworldsoccerperfecteleven,2270
jikkyouworldsoccer2fightingeleven,2433
jikkyouworldsoccer2fightingeleven,2434
jimmyconnorsprotennistour,2461
jissenbassfishinghisshouhouinusa,1252
jissenkyoutei,2542
jissenpachinkohisshouhou2,763
jissenpachislohisshouhoutwin,744
jissenpachislohisshouhoutwinvol2,743
jissenmahjongshinan,610
jissenpachislohisshouhou,746
jissenpachislohisshouhou2,748
jissenpachislohisshouhou2,749
jissenpachislohisshouhou2classic,745
jissenpachislohisshouhouyamasadensetsu,745
joeandmactatakaegenshijin,1560
jojonokimyounabouken,544
joushoumahjongtenpai,598
supermomotaroudentetsudx,2491
jrapat,707
jrapat,708
jrapat,709
jrapatwidetaiouban,707
jrapatwidetaiouban,708
judgedredd,517
jumboozakinoholeinone,2566
jumpinderby,1234
junglenooujatarchansekaimanyuudaikakutounomaki,422
junglestrike,1120
junglewars2kodaimahouatimosnonazo,1016
jurassicparksnes,84
justiceleaguetaskforce,1823
juteisenki,2120
jwpjoshiprowrespurewrestlequeens,2589
kabukichoureachmahjongtonpuusen,631
kabukirocks,1016
kachoushimakousaku,574
kakinokishougi,640
kamaitachinoyoru,573
kamenrider,1629
kamenrider,1630
kamenridersdshutsugekiridermachine,1763
karuraou,436
katsrunzennihonkcarsenshuken,2032
katouhifumikudanshougiclub,1801
kawanonushitsuri2,885
keeper,1679
keibaeightspecial,2616
keibaeightspecial,2617
keibaeightspecial2,2618
kentououworldchampion,1927
kenyuudensetsutaiba,921
kerokerokeroppinoboukennikkinemurerumorinokeroleen,1047
kessendokaponland4densetsunoyuushatachi,2493
kidklownincrazychase,24
kidoubutoudenggundam,1829
kidoukeisatsupatlabor,1320
kidousenshigundamcrossdimension0079,1079
kidousenshigundamf91formulasenki0122,1309
kidousenshivgundam,148
kidousenshizgundamawaytothenewtype,1091
kidousoukoudion,1122
kigurumidaiboukendreammaze,967
zigzagcatdachouclubmooosawagida,110
kikikaikainazonokuromanteau,1551
kikikaikaitsukiyosoushi,1567
kikoukeisatsumetaljack,117
kikunimasahikonojantoushidoraou,596
kikunimasahikonojantoushidoraou2,620
kindaimahjongspecial,626
kingofthemonsters,1943
kingofthemonsters2,1702
kingyochuuihoutobidasegamegakuen,2317
kinnikumandirtychallenger,1941
kirbybowl,1981
kirbynokirakirakids,2019
kishindoujizenkibattleraiden,421
kishindoujizenkideneilive,418
kishindoujizenkitenchimeidou,2514
kishinkourindenoni,990
kiteretsudaihyakkachoujikuusugoroku,2607
knightsoftheround,1590
konpekinokantai,1307
kouryakucasinobar,2483
kouryuunomimi,652
kouryuuki,1284
koushien2,2170
koushien3,2380
koushien4,2380
kousokushikiushougiou,1798
koutetsunokishi,1289
koutetsunokishi2sabakunorommelshougun,1286
koutetsunokishi3gekitotsueuropesensen,1286
koutetsunokishi3gekitotsueuropesensen,1287
rattrap,398
kunionooden,2006
kuniokunnododgeballdayozeninshuugou,2396
kuniokunnododgeballdayozeninshuugou,2397
yoshinocookiekurupponovendecookie,816
kuusoukagakusekaigulliverboysfc,921
parlorparlor,760
parlorparlor2,760
parlorparlor3,760
parlorparlor4cr,760
parlorparlor5,760
kyuuyakumegamitensei,968
kyuuyakumegamitensei,969
lawares,990
ladystalkerkakokaranochousen,902
lagoon,940
laplacenoma,1049
larrynixonssuperbassfishing,1241
larrynixonssuperbassfishing,1242
vegasstakes,2476
lastbible3,990
leadingcompany,2549
leadingjockey,1226
leadingjockey2,1226
lemmings,1973
lemmings2thetribes,802
lennuskodaikikainokioku,1016
lennus2fuuinnoshito,990
lethalenforcers,1667
libblerabble,1454
lightfantasy,1080
lightfantasy2,1080
littlemagicsfc,798
littlemasternijiironomaseki,1080
livealive,1069
loderunnertwinjustytolibertynodaibouken,1756
lodosstousenkirecordoflodosswar,1078
logospanicgoaisatu,1966
roadrunnersdeathvalleyrally,203
lordmonarchtokotonsentoudensetsu,1284
lordmonarchtokotonsentoudensetsu,1285
lovequest,1016
lupinsanseidensetsunohihouwooe,62
maddennfl94,2403
madoumonogatarihanamarudaiyouchienji,1016
cotton100,1105
magicknightrayearth,985
magicsword,126
magicaldrop,1998
magicaldrop2,1987
magicaldrop2,1988
magicalpopn,247
magicaltaruruutokunmagicadventure,389
magnabrabanhenrekinoyuusha,1016
mahjongclub,600
mahjonggokuutenjiku,610
mahjonghanjouki,620
mahjongsengokumonogatari,610
mahjongtaikai2,610
mahjongtaikai2,611
mahoupoipoipoitto,1985
mahoujinguruguru,987
mahoujinguruguru2,987
majintensei,1061
majintensei,1062
majintensei,1063
majintensei2spiralnemesis,1069
Majuuou,454
makamaka,1003
makerunamakendou,425
makerunamakendou2kimeroyoukaisouridaijin,1878
marionosuperpicross,780
mariopaint,695
marioandwario,94
marmaladeboy,1277
marvelsuperheroeswarofthegems,114
marvelousmouhitotsunotakarajima,61
shimonomasakinofishingtobassing,1240
mastersharukanaruaugusta2,2557
mastersnewharukanaruaugusta3,2558
mastersnewharukanaruaugusta3,2559
matendensetsusenritsunoooparts,966
matsukatahirokinosupertrawling,1251
matsumurakunihirodensaikyounorekishiwonurikaero,1902
mazingerz,117
megalomania,1298
melfandstories,1604
metalmax2,1016
metalmaxreturns,1016
metalsladerglory,535
michaelandrettisindycarchallenge,2052
mickeymaniattaomm,200
mickeynomagicaladventure,1373
mickeynomagicaladventure,1374
mickeynotoukyoudisneylanddaibouken,308
mickeytodonaldmagicaladventure3,1503
mickeytominniemagicaladventure2thegreatcircusmystery,1500
mightandmagic2gatestoanotherworld,876
mightymorphinpowerrangerssnes,135
milandra,1016
militia,1319
miniyonkuletsandgopowerwgp2,879
miniyonkushiningscorpionletsandgo,545
miniyonkushiningscorpionletsandgo,546
miraclecasinoparadise,2515
miraclegirls,1773
miyajishachounopachinkofanshourisengen2,764
mizukishigerunoyoukaihyakkiyakou,2492
momotaroudentetsuhappy,2498
monopolytomy,1792
monstania,1069
monstermaker3hikarinomajutsushi,1016
monstermakerkidsousamaninaritai,2513
mortalkombat,1882
mortalkombat2,1810
mother2gyiygnogyakushuu,990
motokochannowonderkitchen,564
mottekeohdorobou,2503
mouryousenkimadara2,1003
mrdo,151
mrnutz,328
mujintoumonogatari,547
multiplayvolleyball,2455
musclebomber,2518
mysterycircle,1680
mysticark,990
finalfantasymysticquest,1016
nagelibreseijakunosuishin,1092
nakajimasatorukanshuuf1hero94,845
nakanokouichikanshuukeirinou,1191
nakinoryuumahjonghishouden,609
namcotopen,2569
nangokushounenpapuwakun,310
naruhodotheworld,2530
natsukicrisisbattle,1901
nbaallstarchallenge,2194
nbajam,2389
nbajamte,2394
runandgun,2387
nbalive95,2385
nbashowdown,1722
nekketsutairikuburningheroes,990
neugierumitokazenokodou,926
devilscourse,2569
harukanaruaugusta,2571
harukanaruaugusta,2572
pebblebeachnohatou,2571
waialaenokiseki,2574
newyattermannandaikandaiyajirobee,1754
newmanhaasindycarfeaturingnigelmansell,2059
nflfootball,2231
nflquarterbackclub95,2597
nflquarterbackclub95,2597
nhl94,2414
nicedeshot,2232
nichibutsuarcadeclassics,1439
heiankyoualien,1767
nichibutsucollection1,2484
nichibutsucollection2,1789
nigelmansellsworldchampionshipracing,2046
ninjaryuukendentomoe,140
nintamarantarou,1507
nintamarantarou2,1507
nintamarantarou3,388
nintamarantarouspecial,534
puzzlenintamarantarouninjutsugakuenpuzzletaikainodan,1989
sfmemorycassette,724
sfmemorycassette,725
nishijinpachinko3,758
nishijinpachinkomonogatari,763
nishijinpachinkomonogatari2,765
nitropunksmightheads,247
nobunaganoyabouhaouden,2628
nobunaganoyabouhaouden,2629
nobunaganoyaboutenshouki,2632
nobunaganoyaboutenshouki,2633
nomarkbakuhaitoushijousaikyounojanshitachi,607
nontantoisshokurukurupuzzle,2005
nosferatu,5
numbersparadise,792
numbersparadise,793
nus64cassettekensaki,739
ouchannooekakilogic,1965
odanobunagahaounogundan,1307
lestertheunlikely,366
oekakilogic,791
oekakilogic2,791
okamotoayakotomatchplaygolfkoolinagolfclubinhawaii,2637
oliviasmystery,782
ongakutsukurukanadeeru,699
onizukakatsuyasupervirtualboxingshinkentououdensetsu,679
oomonoblackbassfishingjinzoukohen,1238
oozumouspirit,1934
oragalandshusaibestfarmershuukakusai,1975
ossukaratebu,1858
othelloworld,1790
otobokeninjacolosseum,2468
otogirisou,575
anotherworld,102
pachinkochallenger,766
pachinkofanshourisengen,761
pachinkofanshourisengen,762
pachinkomaruhihisshouhou,766
pachinkomonogataripachislomoarudeyo,773
pachinkomonogatari2nagoyashachihokonoteiou,768
pachinkorenchantengoku,1955
pachinkotetsujinnanabanshoubu,761
pachinkowars,768
pachinkowars2,768
pachiokunspecial,761
pachiokunspecial2,761
pachiokunspecial3,761
pachislogambler,747
pachislokanzenkouryakuuniversalshindainyuukavolume1,750
pachislokenkyuu,754
pachislolandpachipachicoinnodensetsu,752
pachislolovestory,754
pachislomonogataripalkougyouspecial,753
pachislomonogatariuniversalspecial,754
furyofthefurries,1416
paneldepon,1960
panicinnakayoshiworld,1676
parameromcassettevol1,728
parameromcassettevol2,728
parameromcassettevol3,728
parameromcassettevol4,728
parameromcassettevol5,728
parlormini,769
parlormini,770
parlormini2,765
parlormini3,765
parlormini4,765
parlormini5,765
parlormini6,765
parlormini7,765
parodiusdashinwakaraowaraie,1434
pebblebeachnohatoute,2577
pgatourgolf,2575
phalanxtheenforcefightera144,1108
picrossnpvol1,1963
picrossnpvol1,1964
picrossnpvol2,1963
picrossnpvol2,1964
picrossnpvol3,1963
picrossnpvol3,1964
picrossnpvol4,1963
picrossnpvol4,1964
picrossnpvol5,1963
picrossnpvol5,1964
picrossnpvol6,1963
picrossnpvol6,1964
picrossnpvol7,1963
picrossnpvol7,1964
picrossnpvol8,1963
picrossnpvol8,1964
pikiinya,2013
pilotwings,1258
pinballdreams,775
pinkgoestohollywood,183
pinocchio,167
pipemania,1709
pitfallthemayanadventure,231
plok,247
prehistorikman,247
pokonyanhenpokorinadventure,213
popeyeijiwarumajoseahagnomaki,1791
popfulmail,958
popntwinbee,1660
popoittohebereke,1998
populous,1328
populous2trialsoftheolympiangods,1327
powerathlete,1904
powerloderunner,99
powerofthehired,1080
powersoukoban,959
powermonger,1298
princeofpersia,49
princessmaker2,1276
princessminerva,1031
johnmaddenfootball,2215
johnmadden93,2228
promahjongkiwame,620
promahjongkiwame,621
promahjongkiwame2,627
promahjongkiwame2,628
promahjongkiwame3,627
promahjongtsuwamono,600
promahjongtsuwamono,603
kickoff2,2266
proyakyuunettoupuzzlestadium,2024
proyakyuustar,2164
psychodream,116
putty,1417
puzzlebobble,1998
puzzlendesu,2467
qbert3,1349
rpmracing,2035
raidendensetsu,1122
tonymeolassidekickssoccer,2282
ranmanibunnoichiakanekodantekihihou,1003
ranmanibunnoichibakuretsurantouhen,1828
ranmanibunnoichichougiranbuhen,1828
ranmanibunnoichichounaigekitouhen,1858
ranmanibunnoichiougijaanken,2023
rejoicearethaoukokunokanata,1645
renderingrangerr2,497
resarcanadianarayuranainomeikyuu,721
returnofdoubledragon,1599
reversekids,633
revolutionx,1673
riddickboweboxing,1919
rinkaihoukudannoigotaidou,586
ringnikakero,1187
riseoftherobots,1848
rocknrollracing,2095
rockmanandforte,269
rockman7shukumeinotaiketsu,298
rockmanx,340
rockmanx,343
rockmanx2,273
rockmanx3,279
rockmanssoccer,1742
rogerclemensmvpbaseball,2180
rokudenashibluestaiketsutoukyoushitennou,1858
romancingsaga,1016
romancingsaga,1020
romancingsaga2,990
romancingsaga3,990
romancingsaga3,992
kingarthursworld,1292
rpgtsukuurusuperdante,981
rpgtsukuuru2,982
rtype3thethirdlightning,1430
rudranohihou,990
ruinarm,1645
rushingbeat,1694
rushingbeatranfukuseitoshi,1694
rushingbeatshura,2344
ryuukiheidandunzarv,990
ryuukonoken,1845
ryuukonoken,1846
ryuukonoken2,1845
saibarariekonomahjonghourouki,607
saikousokushikoushougimahjong,648
saikyoutakadanobuhiko,2348
sakuraishouichinojankiryuumahjonghisshouhou,617
samegame,783
samsaranaga2,1016
samuraispirits,1845
sandranodaiboukenvalkyrietonodeai,340
sangokushieiketsuden,1073
sangokushieiketsuden,1074
sangokushi3,2632
sangokushi3,2633
sangokushi3,2634
sangokushi4,2632
sangokushi4,2633
tenbu,1290
sankyofeverfever,758
sanrioshanghai,1632
sanrioworldsmashball,2213
sanspofishingkeiryuuou,1245
sdf1grandprix,2096
sdgundampowerformationpuzzle,1962
sdgundamgnext,2545
sdgundamgaidenknightgundammonogatariooinaruisan,1006
sdgundamgaidenknightgundammonogatariooinaruisan,1007
sdgundamgaiden2entakunokishi,1006
sdgundamgx,2137
sdhiryuunoken,1878
sdkidousenshigundamvsakusenshidou,1689
sdkidousenshigundam2,1689
sdthegreatbattlearatanaruchousen,515
sdthegreatbattlearatanaruchousen,516
seifukudensetsuprettyfighter,1834
seijuumadenbeastsandblades,1069
seikendensetsu2,2311
seikendensetsu3,1643
sengokudenshou,1605
tenkafubueiyuutachinohoukou,1305
septentrion,522
serizawanobuonobirdietry,1336
sergeantsaunderscombat,1281
shadowrunsnes,919
shanghaibanrinochoujouthegreatwall,1958
shanghaibanrinochoujouthegreatwall,1959
shanghai3,1704
shichūsuimeigakunyuumonshintougenkyou,715
shienthebladechaser,1156
kashiwagishigetakanotopwaterbassing,2113
shijousaikyouleagueserieaacestriker,2268
shijousaikyounoquizouketteisensuper,2610
shikieiyuuden,1016
shinikkakusenkin,2605
shinkidousenkigundamwendlessduel,1862
shinmahjong,595
shinmegamitensei,1051
shinmegamitensei,1052
shinmegamitensei2,1051
shinmegamitensei2,1052
shinmegamitensei2,1053
shinmegamitenseiif,1051
shinmegamitenseiif,1052
shinmomotaroudensetsu,990
shinmomotaroudensetsu,992
shinnakinoryuumahjonghishouden,620
shinnekketsukouhakuniotachinobanka,1621
shinnihonprowrestlingchousenshiintoukyoudomefantasticstory,2352
shinnihonprowrestling94battlefieldintoukyoudome,2352
shinnihonprowrestling95toukyoudomebattle7,2352
shinsdsengokudendaishougunretsuden,1079
shinshougiclub,1803
shinchoukouki,1311
shinchoukouki,1312
shinseikigpxcyberformula,831
shinseikiodysselya,1016
shinseikiodysselya2,1016
shiroiringetwinklelittlestar,1272
shodainekketsukouhakuniokun,1609
shodainekketsukouhakuniokun,1610
shodanmoritashougi,644
shodankunarininteishodanpromahjong,595
shougiclub,641
shouginohanamichi,647
shougisaikyou,637
shougisaikyou2jissentaikyokuhen,645
shougizanmai,1799
shounenashibegomachannoyuuenchidaibouken,310
shounenninjasasuke,1607
shouninyotaishiwoidake,2488
shuushokugametrendydrama,527
sidepocket,1952
silvasaga2,1016
simant,1183
simcity,1206
simcity2000,1202
simtown,1202
simearth,1274
simearth,1275
simulationproyakyuu,2164
valdiserechampionship,2248
skymission,1268
slapstick,990
slayers,987
smchoukyoushihitomivol1,569
smchoukyoushihitomivol2,548
smchoukyoushihitomivol2remix,550
smchoukyoushihitomibangaihen,524
smchoukyoushihitomibangaihenmakinolovelovepanic,524
smchoukyoushihitomivol3,528
smchoukyoushihitomivol3,529
smashtv,1553
snoopyconcert,688
snsselftestwcs,736
sfcaging,738
soccerkid,247
solidrunner,981
equinox,72
songmaster,1016
sonicblastmansfc,661
Sonicslastman2sfc,1581
sonicwings,1662
soreyukeebisumarukarakurimeirokietagoemonnonazo,1972
sotsugyoubangaihenneemahjongshiyo,610
soukoukiheivotomsthebattlingroad,2104
soulandsword,990
soulblader,926
soundnoveltsukuuru,567
spaceace,463
battleclash,1441
bob,340
spaceinvaders,2300
sparkworld,2336
sparkstersfc,328
spindizzyworlds,808
coolspot,254
sprigganpowered,1105
sprintermonogatarimezaseikkakusenkin,1190
standrewseikoutorekishinooldcourse,2561
stablestarkyuushamonogatari,1232
starocean,1046
startrekthenextgenerationeftp,533
stardustsuplex,2351
starfox,1171
starfox,1172
starfox2,1176
stargatemovie,490
stealth,1311
stoneprotectors,1588
streetfighter2ww,1878
streetfighter2dashturbohf,1834
streetfighterzero2,1900
streetracer,2534
strikegunnerstg,1661
sufamiturbo,712
sugoihebereke,2346
sugoroquestplusdicenics,2511
sugorokugingasenki,2487
supapoon,109
supapoondx,1761
super3dbaseball,2173
superoffroadthebaja,862
superairdiver,1267
superairdiver2,2116
superaleste,1124
aokiookamitoshirokimejikagh,2122
superbacktothefuturepart2,315
superbakenou95,1230
superbaseball2020,2177
superbattletank2,1150
superbikkuriman,1858
championshippool,2626
superbirdierush,2232
superblackbass,1254
superblackbass2,1246
superblackbass3,1246
superblackbass3,1247
superbomberman,2471
superbomberman2,2469
superbomberman2,2472
superbomberman3,2588
superbomberman4,2588
superbomberman5,2584
superbomberman5,2585
superbombermanpanicbomberw,2528
superbombliss,2012
superbowling,2368
supercaesarspalace,584
supercaesarspalace,585
supercasino2,2483
supercastles,1282
superchinesefighter,1878
superchineseworld,1525
superchineseworld2uchuuichibutoutaikai,1712
superchineseworld3,1712
supercupsoccer,2258
daikoukaijidai,1314
daikoukaijidai,1315
turnandburnnoflyzone,1261
donkeykongcountry,1490
donkeykongcountry,1493
donkeykongcountry2diddyskongquest,1490
donkeykongcountry2diddyskongquest,1493
donkeykongcountry3dixiekongsdoubletrouble,1490
donkeykongcountry3dixiekongsdoubletrouble,1493
superdoubleyakuman,600
superdoubleyakuman2,600
superdrakkhen,926
superdriftout,858
ncaabasketball,2205
superdunkstar,2192
edf,1106
nakajimasatorukanshuusuperf1hero,843
superf1circus,850
superf1circus2,851
superf1circus3,851
superf1circusgaiden,2053
superf1circuslimited,852
controllertestcassette,735
superfamicombox,716
famicomwars,2550
superfamilycircuit,848
superfamilygelaende,1337
superfamilytennis,2452
superfamista,2150
superfamista2,2150
superfamista3,2164
superfamista4,2164
superfamista4,2165
superfamista5,2381
superfinalmatchtennis,2452
superfireprowrestling,1703
superfireprowrestlingqueensspecial,2355
superfireprowrestling2,2361
superfireprowrestling3easytype,2357
superfireprowrestling3finalbout,2353
superfireprowrestling3finalbout,2354
superfireprowrestlingspecial,2365
superfireprowrestlingspecial,2366
superfireprowrestlingx,2365
superfireprowrestlingxpremium,2367
superfishingbigfight,1249
superformationsoccer,1742
superformationsoccer2,2429
superformationsoccer94worldcupedition,2429
superformationsoccer94worldcupfinaldata,2429
superformationsoccer95dellaseriea,2422
superformationsoccer95dellaseriea,2423
superformationsoccer96worldclubedition,2437
supergachaponworldsdgundamx,2129
supergameboy,701
supergameboy2,706
supergenjin,182
supergenjin2,298
supergomokunaraberenju,1780
supergomokushougijousekikenkyouhen,1805
gussunoyoyo,1682
gussunoyoyo2,1681
superchasecriminaltermination,835
superhanafuda,590
superhanafudafutatsu,1787
superhighimpact,1727
superhockey94,2407
superhonmeig1seiha,1230
superigogoou,1785
superindychamp,848
inindoudatounobunaga,1029
jamespond2codenamerobocod,252
jangou,616
superjinseigame,2500
superjinseigame,2501
superjinseigame2,2500
superjinseigame2,2501
superjinseigame2,2502
superjinseigame3,2500
superjinseigame3,2501
superkeiba,1228
superkeiba2,1228
superkeirin,2538
bestofthebestchampionshipkarate,1931
superkickoff,1737
superkoukouyakyuuikkyuunyuukon,2158
superkyousoubakazenosylphid,2543
superkyoutei,1188
superkyoutei,1189
superkyoutei2,1188
superkyuukyokuharikiristadium,2152
superkyuukyokuharikiristadium2,2152
spacefootballoneonone,1760
superloopz,1967
supermadchamp,866
supermahjong,600
supermahjong2honkaku4ninuchi,593
supermahjong2honkaku4ninuchi,594
supermahjong3karakuchi,608
supermahjongtaikai,610
supermahjongtaikai,611
supermahjongtaikai,612
supermahjongtaikai,613
supermahjongtaikai,614
supermahjongtaikai,615
yoshiisland,287
yoshiisland,288
yoshiisland,289
supermariocollection,1387
supermariocollection,1390
supermariokart,2076
supermariorpg,1044
supermarioworld,1397
supermetroid,469
supermoeroproyakyuu,2164
supermomotaroudentetsudx,2488
supermomotaroudentetsu2,2493
supermomotaroudentetsu3,2488
supermomotaroudentetsu3,2489
supermomotaroudentetsu3,2490
supernaxatopengolfdeshoubudadorabocchan,2560
supernazopuyoruluenoroux,813
supernazopuyotsuuruluenotetsuwanhanjouki,813
supernazopuyotsuuruluenotetsuwanhanjouki,815
supernichibutsumahjong,610
supernichibutsumahjong2zenkokuseihahen,625
supernichibutsumahjong3yoshimotogekijouhen,620
supernichibutsumahjong4kisokenkyuuhen,620
superninjakun,1533
supernintendocampuschallenge1992,407
nobunaganoyaboubushoufuuunroku,1311
nobunaganoyaboubushoufuuunroku,1312
nobunaganoyabouzenkokuban,2628
nobunaganoyabouzenkokuban,2629
superoffroad,2033
superokumanchoujagame,2493
superokumanchoujagame,2494
superoozumounessenooichiban,1935
superpachinkotaisen,1954
superpachislomahjong,756
superpang,30
superpinballbehindthemask,2323
superpinball2theamazingodyssey,1426
superpowerleague,2378
superpowerleague2,2152
superpowerleague2,2153
superpowerleague3,2152
superpowerleague4,2175
superprofessionalbaseball,2144
superprofessionalbaseball2,2158
superpunchout,684
puyopuyo,2000
puyopuyo,2001
puyopuyo,2002
puyopuyo2,2525
puyopuyo2,2529
superrealmahjongp4,602
superrealmahjongp5paradiseallstar4ninuchi,624
superrobottaisenex,1291
superrobottaisengaidenmasoukishin,1090
royalblood,2133
superrtype,1104
superrugby,2244
sangokushi,2630
sangokushi2,1341
sangokushi2,1342
superscope6,1951
dragonseyeshanghai3,788
dragonseyeshanghai3,789
supershougi,642
supershougi,643
supershougi2,634
supershougi3kitaihei,1800
superslamdunk,2206
superslapshot,2242
wildsnake,2009
supersoukoban,1957
superstadium,2170
superstarwarsrotj,440
superstarwarstesb,444
superstarwars,423
superstreetfighter2tnc,1816
superstrikeeagle,1270
superswiv,1663
supertekkyuufight,2335
supertennisworldcircuit,1746
tetris2bombliss,2015
tetris2bombliss,2016
tetris2bombliss,2017
supertetris3,2527
supertrollislands,397
supertrumpcollection,1777
supertrumpcollection2,1777
supertsumeshougi1000,646
megaturrican,484
superultrabaseball,2158
superultrabaseball2,2158
superuno,1793
superuno,1794
supervalisakakitsukinootome,124
advancedvg,1888
supervolley2,2296
superwagyanland,406
superwagyanland2,1772
superwrestleangels,2322
superxterminator2sasuke,722
superyakyuudou,2108
superzuganhakotenjoukaranoshoutaijou,622
superzugan2tsukanpofighterakinacollection,599
superpachinko,761
sutobasuyaroushow,2190
suttehakkun,806
suzuka8hours,2068
swordmaniac,1766
swordworldsfc,1077
swordworldsfc2inishienokyojindensetsu,1080
swordworldsfc2inishienokyojindensetsu,1082
syndicate,2372
syvalion,483
t2thearcadegame,1671
tablegamedaishuugou,1806
tacticalsoccer,1193
tacticsogreletusclingtogether,1086
tacticsogreletusclingtogether,1088
tacticsogreletusclingtogether,1089
tadaimayuushaboshuuchuuokawari,2512
taekwondo,1937
taiketsubrassnumbers,1905
taikourisshiden,1304
taikyokuigogoliath,1781
taikyokuigoidaten,1783
takahashimeijinnodaiboukenjima,231
takahashimeijinnodaiboukenjima2,376
takeyutakag1memory,1227
takedanobuhironosupercupsoccer,1738
takedanobuhironosuperlLeaguesoccer,2430
takemiyamasakikudannoigotaishou,1782
talesofphantasia,986
tamagocchitown,1279
tarotmystery,714
tatakaegenshijin2rookienobouken,328
tatakaegenshijin3shuyakuwayapparijoeandmac,1539
tecmosuperbaseball,2162
tecmosuperbowl,2222
tecmosuperbowl2,2226
tecmosuperbowl3,2226
tecmosupernbabasketball,2198
tecmosupernbabasketball,2199
teenagemutantninjaturtlesmutantwarriors,1868
teenagemutantninjaturtlesturtlesintime,1597
teitokunoketsudan,2135
teitokunoketsudan,2136
teitokunoketsudan2,2124
teitokunoketsudan2,2125
tekichuukeibajuku,1229
tenchimuyougamehen,1065
tenchiwokurausangokushigunyuuden,1307
tenchisouzou,912
tengaimakyouzero,2100
tengaimakyouzero,2101
tenryuugenichirounoprowresrevolution,2363
tenshinoutashirokitsubasanoinori,990
tetrisbattlegaiden,1991
tetrisflash,2003
tetsuwanatom,213
theaddamsfamily,315
theamazingspidermanlethalfoes,111
theatlas,1299
theatlas,1300
thebluecrystalrod,527
thebluesbrothersjukeboxadventure,1477
thechessmaster,1779
thecombatribes,1696
thefiremen,58
theflintstonesthetreasureofsierramadrock,1771
thegreatbattlegaiden2matsuridawasshoi,419
thegreatbattle2lastfightertwin,1613
thegreatbattle3,1697
thegreatbattle4,1697
thegreatbattle5,1468
thehuntforredoctober,1114
theincrediblecrashdummies,193
majortitle,2565
thejunglebook,220
thekingofdragons,1584
thekingofrallyparismoscowbeijing,857
thelastbattle,1016
thelionking,174
themahjongtouhaiden,595
themask,219
themonopolygame2,2608
themonopolygame2,2609
theninjawarriorsagain,124
topgear3000,2532
boxinglegendsofthering,1924
therocketeer,1265
theshinrigameakumanokokoroji,2030
theshinrigame2magicaltrip,818
theshinrigame2magicaltrip,819
theshinrigame3,817
thesimpsonsbartsnightmare,69
themepark,1212
thoroughbredbreeder,1230
thoroughbredbreeder2,1230
thoroughbredbreeder3,1230
thunderforceac,1106
thunderbirdskokusaikyuujotaishutsudouseyo,103
timecop,122
tinytoonadventuresbusterbustsloose,386
tinytoonadventuresbusterbustsloose,387
tinytoonadventuresdotabatadaiundoukai,2508
tokimekimemorial,1215
tokimekimemorial,1216
tokorosmahjong,604
tomandjerry,1363
topmanagement2,2549
topgear,2031
topgear2,2039
toride,1705
torneconodaiboukenfushiginodungeon,877
torneconodaiboukenfushiginodungeon,878
tottemoluckymanluckycookieroulettedetotsugekii,1048
tougedensetsusaisokubattle,2065
towerdream,2499
toystory,295
traversestarlightandprairie,990
treasurehunterg,1080
trinea,902
truelies,487
supersolitaire,580
tsukikomori,570
tsukikomori,572
tsupparioozumourisshinshussehen,1934
tsuritarou,1246
tsuyoshishikkarishinasaitaisenpuzzledama,1989
turfhero,1233
turfmemories,1230
twinbeerainbowbelladventure,1691
ufokamenyakisobankettlernokuroiinbou,668
ufokamenyakisobankettlernokuroiinbou,669
yuujinjanjuugakuen,592
yuujinjanjuugakuen2,623
yuujinnofurifurigirls,2516
uchuunokishitekkamanblade,1110
uchuuraceastrogogo,823
worldsofultimathesavageempire,937
ultimarunesofvirtue2,926
ultima6thefalseprophet,937
ultima7theblackgate,937
ultimatefootball,2227
ultrabaseballjitsumeiban,2164
ultrabaseballjitsumeiban2,2164
ultrabaseballjitsumeiban3,2164
ultraleaguemoerosoccerdaikessen,1740
ultraseven,1854
ultraman,678
uminonushitsuri,885
uminonushitsuri,886
umiharakawase,97
umizurimeijinsuzukihen,1246
undake30samegamedaisakusenmarioversion,790
undercovercops,649
usaicehockey,2235
usaicehockey,2236
ushiototora,117
utopiathecreationofanation,1200
vwverneworld,1016
thelostvikings,1466
kouryuudensetsuvillgustkietashoujo,1001
kouryuudensetsuvillgustkietashoujo,1002
virtualbart,415
thelawnmowerman,1570
volleyballtwin,1749
vortex,1180
vscollection,2519
wagyanparadise,405
wakatakaoozumouyumenokyoudaitaiketsu,1934
wakuwakuskiwonderspur,864
wallywosagaseehonnokuninodaibouken,96
waratteiitomotamolympic,2504
warlock,38
weddingpeach,2318
wildguns,1716
stuntracefx,2038
wingcommander,558
winningpost,1223
winningpost,1224
winningpost2,1223
winningpost2program96,1223
winningpost2program96,1224
wizapankokunoou,990
wizardry6baneofthecosmicforge,963
wizardrythrobofthedemonsheart,960
wizardrythrobofthedemonsheart,961
quizardry123storyofllylgamyn,972
wizardry5heartofthemaelstrom,962
wolfenstein3d,1133
wolverineadamantiumrage,137
wonderprojectjkikainoshounenpino,519
wondrousmagic,1016
worldclassrugby,2299
worldclassrugby2kokunaigekitouhen93,2245
worldcupstriker,2421
worldcupusa94,1735
worldheroes,1841
worldheroes2,1886
worldsoccer,2258
wreckingcrew98,1971
wwfroyalrumble,1944
wwfsuperwrestlemania,1944
wwfwrestlemania,1939
xzone,1151
xaktheartofvisualstage,933
xardion,456
xband,711
xmenmutantapocalypse,134
yadamonwonderlanddreams,561
yakouchuu,575
yamyam,1163
bubsyinclawsencountersofthefurredkind,247
youchiensenkimadara,537
thejetsonsinvasionoftheplanetpirates,191
yogibearcartooncapers,183
yokoyamamitsuterusangokushi,1307
yokoyamamitsuterusangokushi,1308
yokoyamamitsuterusangokushi2,1307
yokoyamamitsuterusangokushibangisugorokueiyuuki,2486
yokozunamonogatari,1194
yokozunamonogatari,1195
yoshinocookie,2026
yoshinoroadhunting,1159
ys4,926
ys3,933
ys3,934
ys5,926
ys5,926
yuuyuuhakusho,551
yuuyuuhakusho2kakutounoshou,1858
yuuyuuhakushofinalmakaisaikyouretsuden,1828
yuuyuuhakushotokubetsuhen,2107
yumemaboroshinogotoku,1003
yuuyunoquizdegogo,2029
zaitakutouhyousystemspat4cassette,707
zaitakutouhyousystemspat4wide,707
zakuronoaji,575
zan2spirits,2131
zan3spirits,2131
zeldanodensetsukamigaminotriforce,948
zeldanodensetsukamigaminotriforce,950
zeldanodensetsukamigaminotriforce,951
zenkokujuudanultrashinrigame,817
zenkokukoukousoccer,2260
zenkokukoukousoccer2,2255
zennihongtsenshuken,833
zennihonprowres,2358
zennihonprowresfightdapon,1796
zennihonprowresdashsekaisaikyoutag,2358
zennihonprowres234budoukan,2350
zero4champrr,2540
zero4champrr,2541
zero4champrrz,2539
zicosoccer,1192
zooltnotnthd,257
zoottomahjong,618
zoottomahjong,619
3ninjaskickback,1421
desertfightersunanoarashisakusen,1115
aaahhrealmonsters,183
abcmondaynightfootball,2217
actraiser,378
actraiser,382
actraiser2chinmokuenoseisen,296
addamsfamilyvalues,955
sonicwings,1661
aerotheacrobat,231
aerotheacrobat2,231
airmanagementoozoranikakeru,2546
airmanagement2koukuuouwomezase,2546
aircavalry,1719
alunserjrroadtothetop,2060
aladdinsnes,317
alfredchicken,249
alien3snes,505
alien3snes,506
aliensvspredator,651
americangladiators,2619
anamericantailfievelgoeswest,159
andreagassitennis,1745
animaniacssnes,391
arcadesgreatesthitstheataricollection1,1428
cardmasterrimusarianofuuin,976
ardylightfoot,152
arkanoiddohitagain,1750
ryuukonoken,1843
axelay,1127
bob,328
ballz,1893
barbiesupermodel,89
barkleyshutupandjam,2392
bassmastersclassic,1255
bassmastersclassicproedition,1255
superblackbass2,1250
batmanforever,1685
batmanforever,1686
batmanreturnssfc,656
battleblaze,1870
battlecars,2079
battleclash,1440
battlegrandprix,2045
battletoadsinbattlemaniacs,1451
battletoadsdoubledragon,1627
bazookablitzkrieg,2327
beautyandthebeast,223
beavisandbutthead,1504
bebeskids,655
beethovens2nd,216
bestofthebestchampionshipkarate,1931
bigskytrooper,32
bikermicefrommars,2089
futurebasketball,2197
billwalshcollegefootball,2400
biometal,1104
blackthorne,41
blazeon,1104
bonkers,304
boogermanapickandflickadventure,300
boxinglegendsofthering,1924
brainlord,897
bramstokersdracula,16
brandish,903
rushingbeatranfukuseitoshi,1693
breakthruzoo,1983
breathoffireryuunosenshi,1009
breathoffire2shimeinoko,1009
bretthullhockey,2243
bretthullhockey95,2243
bronkiethebronchiasaurus,1513
brunswickworldtournamentofchampions,742
brutalpawsoffury,1907
bubsy2,1419
bubsyinclawsencountersofthefurredkind,231
bugsbunnyrabbitrampage,203
bullsvsblazersandthenbaplayoffs,1723
bullsvsblazersandthenbaplayoffs,1724
puzzlebobble,1996
cacomaknight,1677
calripkenjrbaseball,2147
californiagames2,2622
mountainbikerally,840
capcomsmvpfootball,2231
jleagueexcitestage94,2438
captainamericaandtheavengers,1631
captaincommando,1583
captainnovolin,91
carrieraces,2117
caspersnes,55
akumajoudraculaxx,351
championsworldclasssoccer,2274
championshippool,2625
sensiblesoccerec,2263
chestercheetahtoocooltofool,255
chestercheetahwildwildquest,255
choplifter3,1096
chronotrigger,988
chuckrock,345
civilization,1322
clayfighter,1830
clayfighter,1830
clayfighter2judgmentclay,1830
claymates,178
cliffhanger,655
clue,2614
collegefootballusa97,2556
collegeslam,2383
tatakaegenshijin2rookienobouken,328
contraspirits,1543
coolworld,52
cutthroatisland,1591
shinseikigpxcyberformula,832
assaultsuitsvalken,492
dimensionforce,1122
daffyduckthemarvinmissions,452
dariustwin,1649
davidcranesamazingtennis,2293
davidcranesamazingtennis,2295
demolitionman,477
demonsblazonmakaimuramonshouhen,328
dennisthemenace,216
desertstrike,1119
donkeykongcountry2diddyskongquest,1485
donkeykongcountry2diddyskongquest,1496
volleyballtwin,1749
dinowarskyouryuuoukokuenodaibouken,1402
dirttraxfx,2061
donkeykongcountry3dixiekongsdoubletrouble,1485
donkeykongcountry3dixiekongsdoubletrouble,1495
donkeykongcountry,1479
donkeykongcountry,1481
donkeykongcountry,1494
donkeykongcountry,1478
doom,1134
taiketsubrassnumbers,1904
doubledragon5theshadowfalls,1820
dragonthebruceleestory,2314
superdrakkhen,924
dragonslairdragonsmagic,1404
drakkhen,930
dreamtv,1514
dungeonmaster,973
46okunenmonogatariharukanaruedene,924
mother2gyiygnogyakushuu,988
earthwormjim,300
earthwormjim2,348
sleepwalker,192
worldcupstriker,2436
emmittsmithfootball,2224
equinox,70
espnbaseballtonight,2141
espnnationalhockeynight,2599
espnspeedworld,2070
espnsundaynightnfl,2220
mountainbikerally,839
hakunetsuproyakyuuganbaleague,2156
eyeofthebeholder,964
fzero,823
fzero,827
humangrandprix,2048
exhaustheat,847
exhaustheat2f1driverenomichi,853
midimaze,2103
familydog,183
familydog,184
familyfeud,2028
garoudensetsusnt,1882
garoudensetsu2at,1837
garoudensetsuspecial,1843
fifa97,2602
fifa94,2600
fifa96,2602
fightershistory,1837
finalfantasymysticquest,1009
finalfantasymysticquest,1012
finalfantasy4,1033
finalfantasy4,1035
finalfantasy6,997
finalfantasy6,998
finalfight,662
finalfight2,1599
finalfighttough,1578
finalfight,662
superswiv,1663
holystriker,2332
firstsamurai,426
flashback,67
ultimatefootball,2227
foremanforreal,685
frankthomasbighurtbaseball,2161
franticflea,328
frogger,1343
fullthrottleallamericanracing,2098
funngames,693
gamegenie,717
gamegenie,718
gamegenie,719
superbattletank,1135
superbattletank,1136
royalblood,2132
aokiookamitoshirokimejikagh,2121
georgeforemanskoboxing,1928
georgeforemanskoboxing,1929
georgeforemanskoboxing,1930
ghoulpatrol,1564
supercupsoccer,2258
gods,362
gooftroop,1456
gp1,2063
gp1rsrapidstream,2062
gradius3,1433
gunforcebfeti,1553
hagane,142
jumboozakinoholeinone,2562
tenryuugenichirounoprowresrevolution,2359
almichaelsannounceshardball3,2154
harleyshumongousadventure,1357
bokujoumonogatari,881
feverpitchsoccer,2441
hittheice,2234
homealonesnes,14
homealone2lostinnewyork,216
homeimprovement,451
hook,216
hurricanessnes,1359
supervolley2,2297
hyperzone,1160
gaiagensouki,897
kidousoukoudion,1122
incantation,231
indianajonesgreatestadventures,431
inindoudatounobunaga,1028
inspectorgadget,156
jikkyouworldsoccerperfecteleven,2292
jikkyouworldsoccer2fightingeleven,2444
tenniscup,1744
izzysquestfortheolympicrings,262
jrrtolkiensthelordoftheringsvolumeone,2329
jacknicklausunlimitedgolfandcoursedesign,2581
jamesbondjrsnes,410
jammit,2205
jeopardy,2319
jeopardydeluxeedition,2319
jeopradysportsedition,2319
jimleeswildcatscovertactionteams,671
jimpowerthelostdimensionin3d,459
jimmyconnorsprotennistour,2459
jissenbassfishinghisshouhouinusa,1250
joeandmactatakaegenshijin,1553
tatakaegenshijin3shuyakuwayapparijoeandmac,1534
johnmaddenfootball,2216
johnmadden93,2229
johnmadden93,2230
judgedredd,517
junglestrike,1119
jurassicparksnes,78
jurassicparksnes,79
jurassicpark2thechaoscontinues,1540
justiceleaguetaskforce,1823
bombuzal,1350
kawasakicaribbeanchallenge,2069
kawasakisuperbikechallenge,2064
majorleaguebaseball,2139
majorleaguebaseball,2140
kengriffeyjrswinningrun,2155
makerunamakendou,424
kidklownincrazychase,18
killerinstinct,1810
killerinstinct,1812
kingarthurandtheknightsofjustice,953
kingarthursworld,1292
kingofthemonsters,1942
kingofthemonsters2,1700
hoshinokirbysuperdeluxe,1526
puyopuyo,1984
kirbybowl,1977
hoshinokirby3,1497
knightsoftheround,1589
rattrap,398
rattrap,399
kylepettysnofearracing,2073
lagoon,939
lamborghiniamericanchallenge,1711
lastactionhero,121
legend,1599
lemmings,1973
lemmings,1974
lemmings2thetribes,801
lestertheunlikely,365
lethalenforcers,1666
lethalweaponsnes,216
lethalweaponsnes,216
lethalweaponsnes,264
dokuritsusensoulibertyordeath,2126
lifefitness,841
superairdiver,1266
acmeanimationfactory,694
looneytunesbball,2456
nobunaganoyaboubushoufuuunroku,1310
estpolisdenki,1009
estpolisdenki2,1009
maddennfl94,2402
maddennfl95,2405
maddennfl96,2405
maddennfl97,2401
maddennfl98,2401
magicboy,1411
magicsword,125
marioismissing,540
mariopaint,695
mariopaint,697
mariosearlyyearsfunwithletters,729
mariosearlyyearsfunwithnumbers,729
mariosearlyyearspreschoolfun,729
mariostimemachine,540
oomonoblackbassfishingjinzoukohen,1239
marvelsuperheroeswarofthegems,112
maryshelleysfrankenstein,311
mathblasterepisode1,730
mauimallard,306
serizawanobuonobirdietry,1335
battletech,1140
mechwarrior3050,1571
rockman7shukumeinotaiketsu,296
rockmanssoccer,1741
rockmanx,328
rockmanx,333
rockmanx2,271
rockmanx3,277
metalcombatfalconsrevenge,1442
militia,1318
metalmorph,467
metalwarriors,1774
michaelandrettisindycarchallenge,2050
michaeljordanchaosinthewindycity,457
mickeymaniattaomm,198
mickeysultimatechallenge,698
micromachines,2369
mightandmagic3islesofterra,868
theadventuresofmightymax,1504
mightymorphinpowerrangerssnes,135
mightymorphinpowerrangersthefightingedition,1852
mightymorphinpowerrangersthemoviesnes,1470
mlbpabaseball,2183
mohawkandheadphonejack,1379
monopoly,2620
monopoly,2621
mortalkombat,1882
mortalkombat,1883
mortalkombat2,1810
mortalkombat2,1812
mortalkombat3,1810
mrdo,150
mrnutz,337
mspacman,1751
macsBasicriflemarksmanship,727
gousoujinraidensetsumusha,18
doomtroopers,1573
nbaallstarchallenge,2194
runandgun,2393
nbahangtime,2382
nbajam,2389
nbajam,2390
nbajamte,2394
nbalive95,2383
nbalive96,2386
nbalive97,2383
nbalive98,2386
nbashowdown,1720
ncaabasketball,2198
ncaabasketball,2199
ncaabasketball,2201
ncaafinalfourbasketball,2383
ncaafootball,1726
mcwnatsumechampionshipwrestling,2347
newmanhaasindycarfeaturingnigelmansell,2059
nflfootball,2231
nflquarterbackclub95,2597
nflquarterbackclub95,2597
nhl94,2412
nhl95,2417
nhl96,2417
nhl97,2408
nhl97,2409
nhl98,2411
nhlstanleycup,2240
nhlpahockey93,1732
nhlpahockey93,1733
nickelodeonguts,1758
nigelmansellsworldchampionshipracing,2055
ninjaryuukendentomoe,139
theninjawarriorsagain,123
powerfest94,408
noescape,368
nobunaganoyabouzenkokuban,2627
superstadium,2171
nosferatu,2
ntf25testcartridge,733
obitus,971
densetsunoogrebattle,888
olympicsummergames,2207
winterolympicgames,2583
cameltry,1354
europesensen,2121
ikarinoyousai,478
operationthunderbolt,1668
oscar,249
anotherworld,100
outtolunch,1379
outlander,836
teitokunoketsudan,2134
teitokunoketsudan2,2123
pacattack,2022
furyofthefurries,1414
hellopacman,86
packyandmarlon,390
lennuskodaikikainokioku,1009
paperboy2,1344
pgaeuropeantour,2578
pgatour96,2579
pgatour96,2580
pgatourgolf,2575
pgatourgolf,2576
phalanxtheenforcefightera144,1108
phantom2040,511
jigsawparty,2591
pilotwings,1257
pinballdreams,775
pinballfantasies,775
pinkgoestohollywood,183
pinocchio,160
pitfallthemayanadventure,231
pitfighter,1882
plok,231
kikikaikainazonokuromanteau,1543
kikikaikaitsukiyosoushi,1564
populous,1329
porkypigshauntedholiday,203
gouketsujiichizoku,1915
powerathlete,1904
powerpiggsofthedarkage,1352
powerrangerszeobattleracers,2088
prehistorikman,244
primalrage,1837
princeofpersia,47
princeofpersia2theshadowandtheflame,50
proquarterback,2214
usaicehockey,2239
pushover,799
qbert3,1349
racedrivin,837
rpmracing,2035
babytrex,1380
raidendensetsu,1122
rampart,2138
ranmanibunnoichibakuretsurantouhen,1825
rapjamvolumeone,2594
realm,478
f1superdriving,2048
reliefpitcher,2145
revolutionx,1673
rexronanexperimentalsurgeon,504
riddickboweboxing,1919
kouryuuki,1283
riseoftherobots,1848
rushingbeat,1693
roadriot4wd,2080
roadrunnersdeathvalleyrally,203
robocop3,502
robocop3,503
robocopversustheterminator,486
slapstick,988
rocknrollracing,2091
rockosmodernlifespunkysdangerousday,303
nitropunksmightheads,231
rogerclemensmvpbaseball,2180
rogerclemensmvpbaseball,2181
sangokushi2,1340
sangokushi3,2631
sangokushi4,2631
rtype3thethirdlightning,1430
runsaber,1471
samuraispirits,1843
musclebomber,2517
scoobydoomystery,373
seaquestdsv,104
secretofevermore,907
seikendensetsu2,2305
separationanxiety,1611
shadowrunsnes,915
dragonseyeshanghai3,787
shaqfu,1850
shienthebladechaser,1154
sidepocket,1952
simant,1181
simcity,1204
simcity,1210
simcity2000,1201
simearth,1273
sinkorswim,807
skuljaggerrevoltofthewesticans,1422
karuraou,433
jerryboy,178
smashtv,1553
snowwhiteinhappilyeverafter,216
thechaosengine,1563
sonicblastmansfc,660
Sonicslastman2sfc,1578
septentrion,521
soulblader,924
spaceace,463
spacefootballoneonone,1759
spaceinvaders,2301
superaleste,1122
hanseizarujirokunnodaibouken,400
sparkstersfc,328
spawn,131
spectre,2102
speedracer,2042
speedygonzaleslosgatosbandidos,203
speedygonzaleslosgatosbandidos,204
spidermananimatedseries,145
spidermanxmeninarcaderevenge,214
spidermanvenommaximumcarnage,653
spindizzyworlds,808
sportsillustratedcfb,2187
coolspot,259
startrekdeepspaceninecrossroadsoftime,74
startrekstarfleetacademystarshipbridgesimulator,2115
startrekthenextgenerationeftp,532
starfox,1167
starfox,1168
starfox,1169
starfox,1170
stargatemovie,487
steeltalons,1674
sterlingsharpeend2end,2404
stoneprotectors,1585
ranmanibunnoichichounaigekitouhen,1870
streetfighterzero2,1898
streetfighter2ww,1870
streetfighter2dashturbohf,1830
streetfighter2dashturbohf,1832
streethockey95,2415
streetracer,2534
strikegunnerstg,1661
stuntracefx,2038
sunsetriders,1553
super3dnoahsark,1147
super8,717
takahashimeijinnodaiboukenjima,231
takahashimeijinnodaiboukenjima2,374
superbaseball2020,2176
superultrabaseball,2156
superprofessionalbaseball,2143
super3dbaseball,2172
supermoeroproyakyuu,2162
superfamista,2149
superbattleship,1321
superbattletank2,1148
superblackbass,1253
superbomberman,2469
superbomberman2,2469
supergenjin,178
superbowling,2368
superpang,27
superpang,28
supercaesarspalace,582
akumajoudraculasuper,351
superchasecriminaltermination,834
superconflict,2130
returnofdoubledragon,1599
edf,1106
sfcaging,738
supergameboy,701
choumakaimura,18
takedanobuhironosupercupsoccer,1741
chougojirasupergodzilla,106
superhighimpact,1727
jamespond2codenamerobocod,249
supermariocollection,1384
supermariocollection,1392
supermariocollection,1393
supermariokart,2074
supermariokart,2078
supermariorpg,1042
supermarioworld,1401
supermarioworld,1394
supermarioworld,1400
yoshiisland,282
yoshiisland,283
supermetroid,469
supermetroid,472
burnintestcartridge,734
superscope6,1951
superchineseworld,1522
dariusforce,1100
superoffroad,2033
superoffroadthebaja,860
superpinballbehindthemask,2323
superpinballbehindthemask,2324
superplayactionfootball,1730
superpunchout,681
putty,1417
superrbibaseball,2183
superrtype,1104
superslamdunk,2206
superslapshot,2242
superformationsoccer,1741
superformationsoccer,1743
hattrickhero,2440
supersolitaire,578
superstarwarsrotj,437
superstarwarsrotj,438
superstarwarstesb,441
superstarwarstesb,442
superstarwars,445
superstarwars,450
superstreetfighter2tnc,1810
superstreetfighter2tnc,1812
superstrikeeagle,1270
supertennisworldcircuit,1746
supertennisworldcircuit,1748
supertrollislands,395
megaturrican,484
superturrican2,499
supervalisakakitsukinootome,123
superwidget,183
suzuka8hours,2067
swatkatstheradicalsquadron,414
syndicate,2373
t2thearcadegame,1670
tazmaniasnes,8
tazmaniasnes,9
aqutallion,1009
tecmosuperbaseball,2162
tecmosuperbowl,2222
tecmosuperbowl2,2226
tecmosuperbowl3,2226
tecmosupernbabasketball,2198
tecmosupernbabasketball,2199
teenagemutantninjaturtlesmutantwarriors,1865
teenagemutantninjaturtlesturtlesintime,1593
terminator2judgmentday16bit,475
tetrisanddrmario,1993
tetrisanddrmario,1995
tetrisflash,2003
tetrisflash,2004
paneldepon,1969
elnard,988
theaddamsfamily,311
theaddamsfamily,361
theaddamsfamilypugsleysscavengerhunt,183
theadventuresofbatmanandrobinsnes,136
drfranken,1424
soccerkid,339
theadventuresofrockyandbullwinkleandfriends,183
thebluesbrothersjukeboxadventure,1475
thebrainies,799
thechessmaster,1778
thecombatribes,1695
thedeathandreturnofsuperman,674
thedeathandreturnofsuperman,675
thedueltestdrive2,821
theflintstonesmovie,1346
theflintstonesthetreasureofsierramadrock,1769
mickeytominniemagicaladventure2thegreatcircusmystery,1499
thegreatwaldosearch,786
thehuntforredoctober,1112
firefighting,63
theincrediblecrashdummies,193
theincrediblehulk,119
majortitle,2564
majortitle,2567
theitchyandscratchygame,231
thejetsonsinvasionoftheplanetpirates,183
thejunglebook,220
thekingofdragons,1583
thelawnmowerman,1568
ganbaregoemonyukihimekyuushutsuemaki,1444
zeldanodensetsukamigaminotriforce,945
zeldanodensetsukamigaminotriforce,943
thelionking,169
thelostvikings,1460
thelostvikings2,1460
mickeynomagicaladventure,1367
mickeynomagicaladventure,1368
themask,216
themiraclepianoteachingsystem,732
thepagemaster,311
rushingbeatshura,2342
thepiratesofdarkwatersnes,1585
therenandstimpyshowbuckeroossnes,36
therenandstimpyshowfiredogs,37
therenandstimpyshowtimewarp,1628
therenandstimpyshowveediots,183
therocketeer,1264
thesimpsonsbartsnightmare,69
thesportingnewspowerbaseball,2376
theaquaticgamesstarringjamespondandtheaquabats,2520
theterminatorsnes,475
thetick,650
choumakaitaisendorabocchan,924
theuntouchables,1157
thewizardofoz,311
thomasthetankengineandfriendssnes,812
thunderforceac,1106
timeslip,492
timetrax,2
timecop,121
timonandpumbaasjunglegames,690
tinstar,1153
tinytoonadventuresbusterbustsloose,383
tinytoonadventuresdotabatadaiundoukai,2505
kentououworldchampion,1922
larrynixonssuperbassfishing,1243
tomandjerry,1359
valdiserechampionship,2249
tonymeolassidekickssoccer,2284
topgear,2031
topgear2,2039
topgear3000,2531
totalcarnage,1553
toystory,293
toys,14
tristar,700
troddlers,803
troyaikmannflfootball,2225
pebblebeachnohatou,2570
waialaenokiseki,2573
truelies,487
deaddance,1904
turnandburnnoflyzone,1259
area88,1654
ultimarunesofvirtue2,924
ultima6thefalseprophet,935
ultima7theblackgate,935
hiryuunokensgoldenfighter,1912
ultimatemortalkombat3,1837
ultraman,677
daikoukaijidai,1313
daikoukaijidai2,1303
uniracers,2035
urbanstrike,1119
utopiathecreationofanation,1197
vegasstakes,2474
virtualbart,415
vortex,1179
war2410,1318
war3010therevolution,1318
warionomori,2018
warlock,38
warpspeed,1263
waynegretzkyandthenhlpaallstars,2237
waynesworld,216
wcwsuperbrawlwrestling,2364
weaponlord,1819
werebackadinosaurstory,1377
wheeloffortunefeaturingvannawhite,2316
wheeloffortunedeluxeedition,2316
whereintheworldiscarmensandiego,538
whereintimeiscarmensandiego,538
whizz,249
devilscourse,2568
wildguns,1715
wildsnake,2008
williamsarcadesgreatesthits,1675
wingcommander,556
wingcommanderthesecretmissions,556
skymission,1268
wizardry5heartofthemaelstrom,970
wolfchild,345
wolfenstein3d,1130
wolverineadamantiumrage,137
wordtris,1710
worldcupusa94,2257
worldheroes,1837
worldheroes2,1882
kickoff2,2261
worldsoccer,2272
wwfraw,2349
wwfroyalrumble,1944
wwfsuperwrestlemania,1944
wwfwrestlemania,1939
xzone,1151
xardion,455
xband,710
swordmaniac,1764
xmenmutantapocalypse,133
yogibearcartooncapers,183
yoshinocookie,2026
yoshinoroadhunting,1158
youngmerlin,53
ys3,932
zerothekamikazesquirrel,231
zombiesatemyneighbors,1564
zooltnotnthd,257
zoop,784
jleaguesoccerprimegoal3,2258
aaahhrealmonsters,183
proactionreplay2,720
proactionreplay2,717
proactionreplay3,713
actionreplay,717
proactionreplay,717
actraiser,378
actraiser,379
actraiser,377
actraiser2chinmokuenoseisen,297
addamsfamilyvalues,955
aerotheacrobat,231
aerotheacrobat2,231
f1superdriving,2047
aircavalry,1719
alunserjrroadtothetop,2060
aladdinsnes,317
aladdinsnes,323
aladdinsnes,321
aladdinsnes,316
aladdinsnes,320
alfredchicken,249
alien3snes,505
aliensvspredator,651
sportsillustratedcfb,2227
anamericantailfievelgoeswest,159
animaniacssnes,391
anotherworld,100
arcadesgreatesthitstheataricollection1,1428
ardylightfoot,152
arkanoiddohitagain,1750
ryuukonoken,1843
asterix,1364
asterixandobelix,1531
axelay,1127
bob,328
barkleyshutupandjam,2392
bassmastersclassicproedition,1255
batmanforever,1685
batmanreturnssfc,656
battleclash,1440
battletoadsinbattlemaniacs,1451
battletoadsdoubledragon,1627
beautyandthebeast,223
beavisandbutthead,1504
beethovens2nd,216
bestofthebestchampionshipkarate,1931
bigskytrooper,32
bikermicefrommars,2089
biometal,1104
blackthorne,45
skymission,1268
boogermanapickandflickadventure,300
boxinglegendsofthering,1924
bramstokersdracula,16
rushingbeatranfukuseitoshi,1693
breathoffire2shimeinoko,1009
bretthullhockey,2243
brutalpawsoffury,1909
brutalpawsoffury,1911
bubsy2,1419
bubsyinclawsencountersofthefurredkind,231
bubsyinclawsencountersofthefurredkind,231
bugsbunnyrabbitrampage,203
bullsvsblazersandthenbaplayoffs,1723
bullsvsblazersandthenbaplayoffs,1724
calripkenjrbaseball,2147
californiagames2,2623
cannonfodder,2119
captainamericaandtheavengers,1631
captaincommando,1583
carrieraces,2117
caspersnes,55
akumajoudraculaxx,351
championsworldclasssoccer,2274
championshippool,2625
choplifter3,1096
chuckrock,345
clayfighter,1830
clayfighter2judgmentclay,1830
claymates,178
cliffhanger,655
tatakaegenshijin2rookienobouken,328
coolworld,52
cutthroatisland,1591
assaultsuitsvalken,492
daffyduckthemarvinmissions,452
dariustwin,1649
davidcranesamazingtennis,2293
dazebeforechristmas,1413
demolitionman,477
demonsblazonmakaimuramonshouhen,328
dennisthemenace,216
desertfightersunanoarashisakusen,1115
desertfightersunanoarashisakusen,1118
desertstrike,1119
donkeykongcountry2diddyskongquest,1485
donkeykongcountry2diddyskongquest,1482
donkeykongcountry2diddyskongquest,1484
dinodinisgoal,2262
dinowarskyouryuuoukokuenodaibouken,1402
dirtracer,829
dirttraxfx,2061
donkeykongcountry3dixiekongsdoubletrouble,1488
mauimallard,306
donkeykongcountry,1488
donkeykongcountry,1489
doom,1134
doom,1134
doubledragon5theshadowfalls,1820
dragonthebruceleestory,2314
dragonballzhyperdimension,1896
dragonballzsuperbutouden,1857
dragonballzsuperbutouden2,1857
dragonballzsuperbutouden3,1857
dragonslairdragonsmagic,1410
drakkhen,930
drakkhen,929
dropzone,2326
dungeonmaster,973
earthwormjim,300
earthwormjim2,348
sleepwalker,192
equinox,70
worldsoccer,2283
espnbaseballtonight,2141
hattrickhero,2440
exhaustheat,847
fzero,823
humangrandprix,2048
humangrandprix2,2048
f1worldchampionshipedition,2058
familydog,183
garoudensetsusnt,1882
garoudensetsu2at,1837
garoudensetsuspecial,1843
feverpitchsoccer,2443
fifa97,2602
fifa98,2602
fifa98,2602
fifa98,2602
fifa98,2602
fifa94,2600
fifa96,2602
finalfight,662
finalfight2,1599
finalfighttough,1578
firstsamurai,426
flashback,67
foremanforreal,685
frankthomasbighurtbaseball,2161
franticflea,328
fullthrottleallamericanracing,2098
funngames,693
gamesaver,723
gamesaver,723
superbattletank,1135
georgeforemanskoboxing,1928
ghoulpatrol,1564
gods,362
gooftroop,1456
gooftroop,1457
gooftroop,1455
gp1,2063
hagane,142
jumboozakinoholeinone,2562
harleyshumongousadventure,1357
bokujoumonogatari,881
bokujoumonogatari,880
popoittohebereke,1996
heberekenopopoon,1990
homealonesnes,14
homealone2lostinnewyork,216
hook,216
harapekobakka,2523
hurricanessnes,1359
supervolley2,2297
hyperzone,1160
gaiagensouki,897
gaiagensouki,901
gaiagensouki,895
gaiagensouki,896
gaiagensouki,900
incantation,231
indianajonesgreatestadventures,431
jikkyouworldsoccerperfecteleven,2292
jikkyouworldsoccer2fightingeleven,2444
tenniscup,1744
izzysquestfortheolympicrings,261
jrrtolkiensthelordoftheringsvolumeone,2329
jrrtolkiensthelordoftheringsvolumeone,2328
jacknicklausunlimitedgolfandcoursedesign,2581
jacknicklausunlimitedgolfandcoursedesign,2582
jamesbondjrsnes,410
jamespond3operationstarfish,300
theaquaticgamesstarringjamespondandtheaquabats,2520
jellyboy,1404
jimmyconnorsprotennistour,2459
jimmyconnorsprotennistour,2460
jimmyconnorsprotennistour,2457
joeandmactatakaegenshijin,1559
tatakaegenshijin3shuyakuwayapparijoeandmac,1537
johnmadden93,2229
judgedredd,517
junglestrike,1119
jurassicparksnes,78
jurassicparksnes,82
jurassicparksnes,77
jurassicparksnes,83
jurassicparksnes,81
jurassicpark2thechaoscontinues,1540
justiceleaguetaskforce,1823
kevinkeegansplayermanager,2109
kawasakisuperbikechallenge,2064
kevinkeegansplayermanager,2111
superkickoff,1736
kickoff3,1734
kidklownincrazychase,18
killerinstinct,1810
kingarthursworld,1292
kingofthemonsters,1942
kirbybowl,1977
hoshinokirbysuperdeluxe,1526
hoshinokirbysuperdeluxe,1530
hoshinokirbysuperdeluxe,1530
hoshinokirbysuperdeluxe,1530
hoshinokirbysuperdeluxe,1530
puyopuyo,1999
knightsoftheround,1589
rattrap,398
rattrap,399
lagoon,939
lagoon,938
lamborghiniamericanchallenge,1711
lastactionhero,121
legend,1599
lemmings,1973
lemmings2thetribes,801
lethalenforcers,1666
lifefitness,842
acmeanimationfactory,694
looneytunesbball,2456
manchesterunitedchampionshipsoccer,2281
luckyluke,465
estpolisdenki2,1009
estpolisdenki2,1008
estpolisdenki2,1025
estpolisdenki2,1014
maddennfl94,2402
maddennfl95,2405
magicboy,1411
magicsword,125
manchesterunitedchampionshipsoccer,2288
marioismissing,540
marioismissing,542
marioismissing,539
mariopaint,695
mariostimemachine,540
mariostimemachine,539
markosmagicfootball,350
marvelsuperheroeswarofthegems,112
battletech,1140
battletech,1144
battletech,1139
battletech,1145
battletech,1143
mechwarrior3050,1571
megalomania,1296
rockman7shukumeinotaiketsu,296
rockmanx,328
rockmanx2,271
rockmanx3,277
metalcombatfalconsrevenge,1442
militia,1318
michaeljordanchaosinthewindycity,457
mickeymaniattaomm,198
mickeymaniattaomm,202
micromachines,2369
micromachines2tt,2370
mightandmagic2gatestoanotherworld,873
mightandmagic2gatestoanotherworld,872
theadventuresofmightymax,1504
mightymorphinpowerrangerssnes,135
mightymorphinpowerrangersthefightingedition,1852
mightymorphinpowerrangersthemoviesnes,1470
mohawkandheadphonejack,1379
mortalkombat,1882
mortalkombat,1883
mortalkombat2,1810
mortalkombat2,1812
mortalkombat3,1810
mrdo,150
mrnutz,337
mspacman,1751
finalfantasymysticquest,1009
finalfantasymysticquest,1015
finalfantasymysticquest,1008
nbaallstarchallenge,2194
runandgun,2393
nbahangtime,2382
nbajam,2389
nbajam,2390
nbajamte,2394
nbalive95,2383
nbalive96,2386
nbalive97,2383
newmanhaasindycarfeaturingnigelmansell,2059
nflfootball,2231
nflquarterbackclub95,2597
nflquarterbackclub95,2597
nhl95,2417
nhl96,2417
nhl97,2408
nhl97,2409
nhl94,2412
nhlpahockey93,1732
nigelmansellsworldchampionshipracing,2055
nigelmansellsworldchampionshipracing,2056
nigelmansellsworldchampionshipracing,2055
theninjawarriorsagain,123
olympicsummergames,2207
winterolympicgames,2583
cameltry,1354
ikarinoyousai,478
oscar,249
outtolunch,1379
outlander,836
pacattack,2022
furyofthefurries,1414
hellopacman,86
hellopacman,87
hellopacman,85
paperboy2,1344
parodiusdashinwakaraowaraie,1433
pgaeuropeantour,2578
pgatour96,2579
pgatourgolf,2575
phalanxtheenforcefightera144,1108
phantom2040,513
pilotwings,1257
pinballdreams,775
pinballfantasies,775
pinkgoestohollywood,183
pinocchio,160
pitfallthemayanadventure,231
pitfighter,1882
plok,231
plok,241
plok,230
kikikaikainazonokuromanteau,1543
kikikaikaitsukiyosoushi,1564
popntwinbee,1658
twinbeerainbowbelladventure,1692
twinbeerainbowbelladventure,1692
populous,1329
populous2trialsoftheolympiangods,1326
populous2trialsoftheolympiangods,1325
porkypigshauntedholiday,203
powerdrive,2040
powerpiggsofthedarkage,1352
powerrangerszeobattleracers,2088
powermonger,1295
prehistorikman,242
primalrage,1837
princeofpersia,47
princeofpersia2theshadowandtheflame,50
pushover,800
puttysquad,1508
puzzlebobble,1996
puzzlebobble,1997
racedrivin,837
babytrex,1380
ranmanibunnoichibakuretsurantouhen,1825
ranmanibunnoichibakuretsurantouhen,1827
realm,478
revolutionx,1673
revolutionx,1672
riseoftherobots,1848
rushingbeat,1693
roadriot4wd,2080
roadrunnersdeathvalleyrally,203
robocop3,502
robocopversustheterminator,486
rocknrollracing,2091
rtype3thethirdlightning,1430
runsaber,1471
bishoujosenshisailormoon,1576
samuraispirits,1843
musclebomber,2517
seaquestdsv,104
secretofevermore,907
secretofevermore,911
secretofevermore,905
secretofevermore,909
secretofevermore,910
seikendensetsu2,2305
seikendensetsu2,2307
seikendensetsu2,2308
seikendensetsu2,2310
seikendensetsu2,2303
sensiblesoccerec,2263
sensiblesoccerec,2264
separationanxiety,1611
shadowrunsnes,915
shadowrunsnes,914
shadowrunsnes,920
dragonseyeshanghai3,787
shaqfu,1850
sidepocket,1952
simcity,1204
simcity,1208
simcity,1205
simcity,1209
simcity,1203
simcity,1207
simcity2000,1201
sinkorswim,807
karuraou,433
smashtv,1553
superfamilytennis,2450
soccerkid,360
jleagueexcitestage94,2438
sonicblastmansfc,660
soulblader,901
soulblader,895
soulblader,924
spaceace,463
hanseizarujirokunnodaibouken,400
sparkstersfc,328
spawn,131
spectre,2102
spidermananimatedseries,145
spidermanxmeninarcaderevenge,214
spidermanvenommaximumcarnage,653
spindizzyworlds,808
spirou,412
coolspot,259
startrekdeepspaceninecrossroadsoftime,74
startrekstarfleetacademystarshipbridgesimulator,2115
startrekstarfleetacademystarshipbridgesimulator,2114
startrekthenextgenerationeftp,532
stargatemovie,489
starfox,1167
starfox,1168
starfox,1164
starfox,1170
starfox,1166
streetfighterzero2,1898
streetfighter2ww,1870
streetfighter2dashturbohf,1830
streetfighter2dashturbohf,1832
streetracer,2534
streetracer,2535
strikegunnerstg,1661
worldsoccer,2275
stuntracefx,2038
sunsetriders,1553
takahashimeijinnodaiboukenjima,231
takahashimeijinnodaiboukenjima2,374
superairdiver,1266
superaleste,1122
supergenjin,178
superbattleship,1321
superbattletank2,1148
superbattletank2,1149
superbomberman,2469
superbomberman2,2469
superbomberman3,2586
akumajoudraculasuper,351
superconflict,2130
superdany,245
returnofdoubledragon,1599
edf,1106
choumakaimura,18
supercupsoccer,2258
nhlstanleycup,2239
nhlstanleycup,2240
superhockey94,2407
superinternationalcricket,1332
jamespond2codenamerobocod,249
supermariocollection,1384
supermariocollection,1391
supermariocollection,1393
supermariokart,2075
supermariokart,2077
supermarioworld,1394
supermarioworld,1399
yoshiisland,284
yoshiisland,285
yoshiisland,286
supermetroid,468
morph,95
superscope6,1951
superoffroad,2033
superpang,27
superpinballbehindthemask,2323
contraspirits,1543
superpunchout,681
putty,1417
superrtype,1104
superformationsoccer,1741
superstarwarsrotj,437
superstarwarsrotj,438
superstarwarstesb,441
superstarwarstesb,442
superstarwars,445
superstarwars,449
superstreetfighter2tnc,1810
superstreetfighter2tnc,1818
superstrikeeagle,1271
superswiv,1663
supertennisworldcircuit,1746
supertennisworldcircuit,1747
supertrollislands,395
megaturrican,484
superturrican2,499
superwidget,183
syndicate,2374
syvalion,481
t2thearcadegame,1670
tazmaniasnes,8
tecmosupernbabasketball,2198
teenagemutantninjaturtlesmutantwarriors,1865
teenagemutantninjaturtlesturtlesintime,1593
terminator2judgmentday16bit,475
tenchisouzou,907
tenchisouzou,911
tenchisouzou,905
tenchisouzou,906
tenchisouzou,909
tetrisanddrmario,1993
tetrisanddrmario,1994
tetrisflash,2003
paneldepon,1969
theaddamsfamily,314
theaddamsfamilypugsleysscavengerhunt,183
theadventuresofbatmanandrobinsnes,136
drfranken,1425
theadventuresoftintinprisonersofthesun,189
theadventuresoftintinprisonersofthesun,196
theadventuresoftintinprisonersofthesun,196
thebluesbrothersjukeboxadventure,1475
thebrainies,799
thechaosengine,1563
thechessmaster,1778
thedeathandreturnofsuperman,674
thedueltestdrive2,821
thefiremen,57
theflintstonesmovie,1346
theflintstonesthetreasureofsierramadrock,1769
mickeytominniemagicaladventure2thegreatcircusmystery,1499
mickeytominniemagicaladventure2thegreatcircusmystery,1502
thehumans,810
thehumans,809
thehuntforredoctober,1112
theincrediblecrashdummies,193
theincrediblehulk,119
majortitle,2564
theitchyandscratchygame,231
thejunglebook,220
thejunglebook,228
thejunglebook,228
thejunglebook,228
thejunglebook,229
thejunglebook,229
thejunglebook,229
thejunglebook,229
thekingofdragons,1583
thelawnmowerman,1568
ganbaregoemonyukihimekyuushutsuemaki,1444
ganbaregoemonyukihimekyuushutsuemaki,1443
zeldanodensetsukamigaminotriforce,945
zeldanodensetsukamigaminotriforce,942
zeldanodensetsukamigaminotriforce,947
zeldanodensetsukamigaminotriforce,944
zeldanodensetsukamigaminotriforce,941
thelionking,169
thelionking,176
thelionking,176
thelionking,176
thelionking,176
thelionking,177
thelionking,177
thelionking,177
thelostvikings,1460
thelostvikings,1463
thelostvikings,1459
thelostvikings,1465
thelostvikings2,1464
mickeynomagicaladventure,1367
mickeynomagicaladventure,1376
mickeynomagicaladventure,1366
mickeynomagicaladventure,1375
mickeynomagicaladventure,1372
themask,216
thepagemaster,311
thepiratesofdarkwatersnes,1585
therenandstimpyshowtimewarp,1628
therenandstimpyshowveediots,183
thesimpsonsbartsnightmare,69
thesmurfs,325
thesmurfs,327
thesmurfs,327
thesmurfs,327
thesmurfs,327
lesschtroumpfsadm,324
lesschtroumpfsadm,326
lesschtroumpfsadm,326
theterminatorsnes,475
themepark,1211
thomasthetankengineandfriendssnes,812
timeslip,492
timetrax,2
timecop,121
timonandpumbaasjunglegames,690
timonandpumbaasjunglegames,691
timonandpumbaasjunglegames,691
tintinintibet,188
tintinintibet,195
tintinintibet,195
tintinintibet,190
tintinintibet,197
tintinintibet,197
tintinintibet,197
tinytoonadventuresbusterbustsloose,383
tinytoonadventuresbusterbustsloose,385
tinytoonadventuresdotabatadaiundoukai,2505
tinytoonadventuresdotabatadaiundoukai,2506
kentououworldchampion,1922
tomandjerry,1359
topgear,2031
topgear2,2039
topgear3000,2531
totalcarnage,1553
toystory,294
toys,14
troddlers,803
troyaikmannflfootball,2225
pebblebeachnohatou,2570
truelies,487
truelies,487
deaddance,1904
turbotoons,2611
turnandburnnoflyzone,1259
turnandburnnoflyzone,1260
area88,1654
ultimatemortalkombat3,1837
ultraman,677
uniracers,2035
urbanstrike,1119
utopiathecreationofanation,1196
utopiathecreationofanation,1197
valdiserechampionship,2249
valdiserechampionship,2250
vegasstakes,2474
virtualbart,415
jleaguesupersoccer,2426
vortex,1179
warionomori,2018
warlock,38
warpspeed,1263
waterworld,413
waynesworld,216
weaponlord,1819
werebackadinosaurstory,1377
whereintheworldiscarmensandiego,538
sandranodaiboukenvalkyrietonodeai,328
whizz,249
wildguns,1715
williamsarcadesgreatesthits,1675
wingcommander,556
wingcommander,554
wingcommander,555
wingcommanderthesecretmissions,556
wintergold,1338
wolfenstein3d,1130
wolverineadamantiumrage,137
worldclassrugby,2246
worldclassrugby,2247
worldcupstriker,2419
worldcupusa94,2257
worldheroes,1837
ncaabasketball,2196
worldmastersgolf,2233
worms,1757
wwfraw,2349
wwfroyalrumble,1944
wwfroyalrumble,1945
wwfsuperwrestlemania,1944
wwfwrestlemania,1939
xzone,1151
swordmaniac,1764
xmenmutantapocalypse,133
yogibearcartooncapers,183
yoshinocookie,2026
yoshinoroadhunting,1158
youngmerlin,53
zerothekamikazesquirrel,231
zerothekamikazesquirrel,233
zombiesatemyneighbors,1564
zooltnotnthd,257
zoop,784
zeldanodensetsukamigaminotriforce,947
riddickboweboxing,1920
boxinglegendsofthering,1926
tonymeolassidekickssoccer,2279
fifa98,2602
spaceinvaders,2301
superchasecriminaltermination,834
tecmosupernbabasketball,2198
teenagemutantninjaturtlesmutantwarriors,1865
teenagemutantninjaturtlesturtlesintime,1593
dragonballzsuperbutouden3,1861
super3dbaseball,2174
taekwondo,1938
sangokushi3,2635
shiliuzhangmajiang2,601
big2dalaoer,581
supergameboy,702
supergameboy,703
nightmarebusters,1550
apocalypse2,2330
apocalypse2,2331
arcusodyssey,1646
atmosfear,186
barbievacationadventure,1348
batmansnes,670
batmanreturnofthejoker,462
bobbysworld,411
congothemoviesecretofzinj,105
cornbuster,1469
dorqueandimp,238
dorqueandimp,239
dorqueandimp,240
eurit,1755
falcon,1262
fifa98,2603
firearm,473
fireteamrogue,43
fireteamrogue,44
gargoyles,7
gunforcebfeti,1558
ironcommando,1603
jeffsshootemup,1548
jerryboy2,270
jimpowerthelostdimensionin3d,461
littlemagicsfc,795
lobo,1853
superninjakun,1532
merwars,1178
kikoukeisatsumetaljack,129
kikoukeisatsumetaljack,130
globalgladiators,181
mickeysplaytownadventureadayofdiscovery,543
mightandmagic2gatestoanotherworld,874
mightandmagic2gatestoanotherworld,875
mrbloopysavestheworld,402
mrtuff,1409
muhammadaliheavyweightboxing,680
nbajam,2388
nflfootballp,2219
nightmarebusters,1561
nightmarebusters,1562
noughtsandcrosses,577
pinkie,347
powerdrive,2041
powerslide,830
ultraverseprime,1807
puggsy,404
quikthethunderrabbit,251
ntworkqrally,863
rapbasketball,2193
rayman,266
reactor,479
rhirollerhockey95,2241
nitropunksmightheads,237
shadowhawk,430
blackout,93
soundfantasy,867
speedygonzaleslosgatosbandidos,209
speedygonzaleslosgatosbandidos,210
spellcraft,870
spellcraft,871
spotgoestohollywood,35
spotgoestohollywood,35
stevenseagalisthefinaloption,1606
ranmanibunnoichichounaigekitouhen,1876
superultrabaseball2,2157
superdonkey,267
superdonkey,268
superdriftout,859
superfullmetalplanet,2553
superfullmetalplanet,2554
superfullmetalplanet,2551
superfullmetalplanet,2552
superloopz,1968
superchineseworld,1524
shadowofthebeast,31
supersolitaire,579
sylvesterandtweety,1
sylvesterandtweety,1
renderingrangerr2,498
tarzanlordofthejungle,292
thefiremen,56
theshadow,658
theshadow,659
tinhead,336
tomvsjerrythechaseison,4
tomvsjerrythechaseison,4
totalfootball,2253
troddlers,805
turbotoons,2612
turrican2,518
jleaguesupersoccer,2428
wackyracessnes,2082
wileecoyotesrevenge,208
tonymeolassidekickssoccer,2273
,1651
untitlesracinggame,2034
contraspirits,1552
downtheworldmervilsambition,980
kingarthursworld,1294
jleagueexcitestage94,2448
theadventuresofmightymax,1506
dsp1demo,740
sa1demonstrationprogram,741
starfox2,1177
superfireprowrestling3finalbout,687
thedeathandreturnofsuperman,1103
x,1138
squaresoftmode7,737
axelay,1128
ballz,1895
batmanreturnssfc,657
battlemasterkyuukyokunosenshitachi,1881
bikermicefrommars,2090
chronotrigger,994
demonsblazonmakaimuramonshouhen,344
densetsunoogrebattle,891
fromtvanimationslamdunkyonkyougekitotsu,2191
ganbaregoemon3shishijuurokubeenokarakurimanjigatame,1521
granhistoriagenshisekaiki,1024
honoonotoukyūjidodgedanpeisfc,2210
hyperiria,147
judgedredd,514
kevinkeegansplayermanager,2110
kevinkeegansplayermanager,2112
maddennfl96,2406
marmaladeboy,1278
michaelandrettisindycarchallenge,2051
devilscourse,2563
kikikaikainazonokuromanteau,1549
kikikaikainazonokuromanteau,1549
romancingsaga3,994
sdf1grandprix,2097
seikendensetsu3,1633
separationanxiety,1612
shadowrunsnes,918
shinseikiodysselya,1024
shounenninjasasuke,1608
smchoukyoushihitomivol2,549
spidermanvenommaximumcarnage,654
tenchimuyougamehen,1066
tenchisouzou,913
kentououworldchampion,1923
ultraseven,1855
yadamonwonderlanddreams,562
jleaguesoccerprimegoal3,2259
addamsfamilyvalues,954
aerotheacrobat2,234
akumajoudraculasuper,359
aladdinsnes,319
alfredchicken,250
alien3snes,507
alien3snes,508
alien3snes,509
animaniacssnes,392
aokidensetsushoot,2425
arabiannightssabakunoseireiou,993
arcadesgreatesthitstheataricollection1,1429
arcadesgreatesthitstheataricollection1,1429
arcadesgreatesthitstheataricollection1,1429
cardmasterrimusarianofuuin,977
ardylightfoot,154
aretha2arielnofushiginatabi,1022
aretha2arielnofushiginatabi,1023
asterix,1365
babytrex,1382
ballz,1894
batmanforever,1687
batmanforever,1688
battleblaze,1874
battleblaze,1875
battletoadsinbattlemaniacs,1452
beautyandthebeast,224
beethovens2nd,217
bestofthebestchampionshipkarate,1932
bestofthebestchampionshipkarate,1933
bigskytrooper,33
bigskytrooper,34
bingbingbingo,1950
blackthorne,42
blackthorne,42
bountysword,1072
boxinglegendsofthering,1925
bramstokersdracula,17
breathoffire2shimeinoko,1013
brutalpawsoffury,1908
bubsyinclawsencountersofthefurredkind,235
bubsyinclawsencountersofthefurredkind,236
jimpowerthelostdimensionin3d,458
calripkenjrbaseball,2148
jleagueexcitestage94,2427
captainnovolin,92
riddickboweboxing,1921
chestercheetahwildwildquest,256
chibimarukochanmezaseminaminoisland,2464
choplifter3,1097
choplifter3,1098
choumakaitaisendorabocchan,928
choumakaimura,26
chuckrock,346
civilization,1323
clayfighter,1833
clayfighter,1833
claymates,179
claymates,180
claymates,234
clocktower,566
collegeslam,2384
tatakaegenshijin2rookienobouken,334
contraspirits,1547
cutthroatisland,1592
assaultsuitsvalken,494
cyborg009,13
daffyduckthemarvinmissions,453
darkkingdom,993
dennisthemenace,217
sparkworld,2337
desertfightersunanoarashisakusen,1116
doraemon2nobitanotoyslanddaibouken,370
dragonthebruceleestory,2315
dragonballzsuperbutouden,1860
superdrakkhen,925
dragonslairdragonsmagic,1405
dreamtv,1515
dreamtv,1516
dualorbseireitamadensetsu,1021
mother2gyiygnogyakushuu,989
earthwormjim,301
earthwormjim,301
earthwormjim2,349
earthwormjim2,349
earthwormjim2,349
elfaria,1021
equinox,71
espnbaseballtonight,2142
espnspeedworld,2071
espnsundaynightnfl,2221
fzero,826
humangrandprix,2049
garoudensetsu2at,1838
garoudensetsuspecial,1844
fedatheemblemofjustice,1072
fightershistory,1838
finalfantasy6,999
finalfighttough,1580
finalset,2453
holystriker,2333
firstsamurai,428
flashback,66
oonitaatsushifmw,1890
franticflea,334
fullthrottleallamericanracing,2099
ganbaregoemonyukihimekyuushutsuemaki,1450
ganpurugunmansproof,928
genocide2,128
ghoulpatrol,1566
gods,363
gokujouparodiuskakonoeikouwomotomete,1436
gokujouparodiuskakonoeikouwomotomete,1437
hagane,144
hakunetsuproyakyuuganbaleague93,1331
hakunetsuproyakyuuganbaleague94,1331
tenryuugenichirounoprowresrevolution,2360
haoutaikeiryuuknightlordofpaladin,923
harleyshumongousadventure,1358
bokujoumonogatari,882
feverpitchsoccer,2442
heberekenopopoon,1992
hook,217
humangrandprix2,2049
hurricanessnes,1360
supervolley2,2298
gaiagensouki,898
gaiagensouki,899
illvaniannoshiro,1288
kidousoukoudion,1123
jikkyouworldsoccer2fightingeleven,2445
itadakistreet2neonsignwabaraironi,2495
izzysquestfortheolympicrings,263
jellyboy,1406
jellyboy,1407
jigsawparty,2593
jikkyouworldsoccer2fightingeleven,2418
jimmyconnorsprotennistour,2458
joeandmactatakaegenshijin,1554
tatakaegenshijin3shuyakuwayapparijoeandmac,1535
tatakaegenshijin3shuyakuwayapparijoeandmac,1536
tatakaegenshijin3shuyakuwayapparijoeandmac,1538
jurassicparksnes,80
jurassicparksnes,80
jurassicpark2thechaoscontinues,1541
justiceleaguetaskforce,1824
kenyuudensetsutaiba,923
kessendokaponland4densetsunoyuushatachi,2496
kessendokaponland4densetsunoyuushatachi,2497
kickoff3,1739
kidklownincrazychase,21
kidklownincrazychase,22
kikunimasahikonojantoushidoraou,597
killerinstinct,1813
kingarthursworld,1293
kingofthemonsters2,1701
kishinkourindenoni,993
kunionooden,2007
legend,1602
littlemagicsfc,796
littlemasternijiironomaseki,1083
luckyluke,466
estpolisdenki,1013
magicboy,1412
manchesterunitedchampionshipsoccer,2289
marioismissing,541
mariopaint,696
mariostimemachine,541
marvelsuperheroeswarofthegems,115
marvelsuperheroeswarofthegems,113
maryshelleysfrankenstein,312
matsumurakunihirodensaikyounorekishiwonurikaero,1903
mazingerz,118
battletech,1141
battletech,1142
megalomania,1297
mickeymaniattaomm,201
mickeymaniattaomm,199
mickeytominniemagicaladventure2thegreatcircusmystery,1501
micromachines2tt,2371
mightandmagic3islesofterra,869
theadventuresofmightymax,1505
mortalkombat,1884
mortalkombat2,1813
mortalkombat3,1813
mortalkombat3,1814
mortalkombat3,1815
mrbloopysavestheworld,401
mrbloopysavestheworld,401
mrbloopysavestheworld,401
mrnutz,335
mrnutz,338
mrtuff,1408
mrtuff,1408
mspacman,1752
doomtroopers,1574
doomtroopers,1575
nbaallstarchallenge,2195
nbajam,2391
nbajam,2391
nbajamte,2395
nbalive97,2384
nbashowdown,1721
ncaabasketball,2200
ncaafinalfourbasketball,2384
nflquarterbackclub95,2598
nflquarterbackclub95,2598
nhl94,2413
nhl97,2410
nigelmansellsworldchampionshipracing,2057
nosferatu,6
olympicsummergames,2208
cameltry,1355
operationthunderbolt,1669
oragalandshusaibestfarmershuukakusai,1976
anotherworld,101
furyofthefurries,1415
parodiusdashinwakaraowaraie,1435
phalanxtheenforcefightera144,1109
phantom2040,512
pikiinya,2014
pinballdreams,776
pinballdreams,777
pinocchio,161
pinocchio,161
pinocchio,161
pinocchio,168
pinocchio,168
pinocchio,168
pinocchio,162
pinocchio,163
pinocchio,164
pinocchio,165
pinocchio,166
pitfallthemayanadventure,179
kikikaikaitsukiyosoushi,1566
popntwinbee,1656
popntwinbee,1657
porkypigshauntedholiday,205
porkypigshauntedholiday,205
gouketsujiichizoku,1916
powerpiggsofthedarkage,1353
prehistorikman,243
primalrage,1838
princeofpersia,48
princeofpersia2theshadowandtheflame,51
proyakyuunettoupuzzlestadium,2025
pushover,797
puttysquad,1509
racedrivin,838
rpmracing,2036
babytrex,1383
raidendensetsu,1123
raidendensetsu,1123
ranmanibunnoichibakuretsurantouhen,1826
f1superdriving,2049
reliefpitcher,2146
riseoftherobots,1849
roadriot4wd,2081
roadrunnersdeathvalleyrally,157
rocknrollracing,2092
rocknrollracing,2093
rocknrollracing,2094
rockman7shukumeinotaiketsu,299
rockmanx2,275
rockmanx2,276
rockmanx3,281
rockmanx3,281
rockmanx3,281
rogerclemensmvpbaseball,2182
rtype3thethirdlightning,1432
runsaber,1472
runsaber,1472
samuraispirits,1844
samuraispirits,1847
sdkidousenshigundam2,1690
secretofevermore,908
seifukudensetsuprettyfighter,1836
sensiblesoccerec,2265
shadowrunsnes,916
shadowrunsnes,917
shaqfu,1851
shienthebladechaser,1155
simant,1182
skuljaggerrevoltofthewesticans,1423
karuraou,434
karuraou,435
slapstick,989
smchoukyoushihitomivol1,568
smchoukyoushihitomivol3,523
superfamilytennis,2451
snoopyconcert,689
soccerkid,248
equinox,73
spaceace,464
sparkstersfc,334
spawn,132
kirbybowl,1980
speedracer,2043
speedygonzaleslosgatosbandidos,206
speedygonzaleslosgatosbandidos,207
spidermananimatedseries,141
spidermanxmeninarcaderevenge,215
sportsillustratedcfb,2188
sportsillustratedcfb,2189
coolspot,260
starfox,1162
startrekdeepspaceninecrossroadsoftime,75
startrekdeepspaceninecrossroadsoftime,76
starfox2,1175
starfox2,1175
starfox2,1175
starfox2,1175
starfox2,1175
starfox2,1175
starfox2,1175
starfox2,1175
starfox2,1175
starfox2,1175
starfox2,1175
starfox2,1175
starfox2,1173
starfox2,1173
stargatemovie,488
starfox,1165
streetfighter2ww,1873
streetfighterzero2,1899
streethockey95,2416
streetracer,2536
streetracer,2537
worldsoccer,2276
worldsoccer,2277
takahashimeijinnodaiboukenjima2,375
superaleste,1125
superbomberman,2470
superbomberman2,2470
superbomberman3,2587
superpang,29
supercaesarspalace,583
superchineseworld2uchuuichibutoutaikai,1713
superchineseworld2uchuuichibutoutaikai,1714
tonymeolassidekickssoccer,2280
superdany,246
returnofdoubledragon,1602
superfireprowrestling2,2362
supergameboy,704
supergameboy,704
supergameboy,704
supergameboy,705
choumakaimura,20
gussunoyoyo,1683
gussunoyoyo,1684
superhighimpact,1728
superhighimpact,1729
superinternationalcricket,1333
jamespond2codenamerobocod,250
yoshiisland,291
yoshiisland,291
yoshiisland,290
supermariokart,2087
supermariokart,2087
supermariokart,2087
supermariokart,2086
supermarioworld,1396
supernazopuyoruluenoroux,814
superchineseworld,1523
dariusforce,1102
superoffroadthebaja,861
superoozumounessenooichiban,1936
superpinballbehindthemask,2325
superplayactionfootball,1731
contraspirits,1547
superpunchout,683
putty,1418
superstarwarsrotj,439
superstarwarstesb,443
superstarwars,446
superstarwars,447
superstarwars,448
superstreetfighter2tnc,1839
superstreetfighter2tnc,1840
superswiv,1664
superswiv,1665
supertrollislands,396
superturrican2,500
superturrican2,501
superuno,1795
superwidget,185
syndicate,2375
syvalion,482
tazmaniasnes,10
tazmaniasnes,11
aqutallion,1013
tecmosuperbaseball,2163
tecmosuperbowl,2223
tecmosupernbabasketball,2200
teenagemutantninjaturtlesmutantwarriors,1867
teenagemutantninjaturtlesturtlesintime,1595
teenagemutantninjaturtlesturtlesintime,1596
terminator2judgmentday16bit,476
tetrisbattlegaiden,1992
theaddamsfamilypugsleysscavengerhunt,185
thebluesbrothersjukeboxadventure,1476
thedeathandreturnofsuperman,676
thedueltestdrive2,822
theflintstonesmovie,1347
theflintstonesmovie,1345
theflintstonesthetreasureofsierramadrock,1770
thegreatbattlegaiden2matsuridawasshoi,420
thegreatbattle4,1698
thehuntforredoctober,1113
firefighting,64
theincrediblecrashdummies,194
theincrediblehulk,120
thejunglebook,222
thelastbattle,1021
thelawnmowerman,1569
thelionking,171
thelionking,172
thelionking,173
thelostvikings,1461
thelostvikings,1462
mickeynomagicaladventure,1369
mickeynomagicaladventure,1370
mickeynomagicaladventure,1371
themask,217
thepagemaster,265
thepagemaster,218
thepagemaster,313
rushingbeatshura,2343
thepiratesofdarkwatersnes,1587
thepiratesofdarkwatersnes,1587
thesportingnewspowerbaseball,2377
theaquaticgamesstarringjamespondandtheaquabats,2521
theterminatorsnes,476
timeslip,494
timetrax,3
tinytoonadventuresbusterbustsloose,384
tinytoonadventuresdotabatadaiundoukai,2507
tomandjerry,1361
tomandjerry,1362
tonymeolassidekickssoccer,2285
tonymeolassidekickssoccer,2286
tonymeolassidekickssoccer,2287
totalcarnage,1555
totalcarnage,1556
totalcarnage,1557
tougedensetsusaisokubattle,2066
troddlers,804
troddlers,804
truelies,488
uchuunokishitekkamanblade,1111
ultimarunesofvirtue2,925
ultimarunesofvirtue2,925
ultima7theblackgate,893
ultima6thefalseprophet,936
ultrabaseballjitsumeiban2,2166
umizurimeijinsuzukihen,1248
uniracers,2036
utopiathecreationofanation,1198
utopiathecreationofanation,1199
valdiserechampionship,2251
vegasstakes,2475
virtualbart,416
warlock,39
warlock,40
waynegretzkyandthenhlpaallstars,2238
werebackadinosaurstory,1378
wildguns,1717
wildguns,1718
wingcommanderthesecretmissions,557
skymission,1269
wizapankokunoou,993
wolfenstein3d,1131
wolfenstein3d,1132
wolverineadamantiumrage,138
worldcupstriker,2420
worldcupusa94,2256
worldheroes2,1884
wwfwrestlemania,1940
wwfwrestlemania,1940
xzone,1152
swordmaniac,1765
yoshinocookie,2027
youngmerlin,54
zombiesatemyneighbors,1566
zooltnotnthd,258
zoop,785
actraiser,381
akumajoudraculasuper,358
akumajoudraculasuper,357
akumajoudraculaxx,356
aladdinsnes,318
assaultsuitsvalken,496
assaultsuitsvalken,493
bahamutlagoon,1070
breathoffireryuunosenshi,1010
breathoffireryuunosenshi,1017
breathoffire2shimeinoko,1011
breathoffire2shimeinoko,1019
bubsy2,1420
bubsyinclawsencountersofthefurredkind,232
akumajoudraculaxx,352
akumajoudraculaxx,352
choumakaimura,25
contraspirits,1546
contraspirits,1545
contraspirits,1544
contraspirits,1545
dariusforce,1101
dariustwin,1650
dariustwin,1653
deaddance,1906
demonsblazonmakaimuramonshouhen,342
demonsblazonmakaimuramonshouhen,332
donkeykongcountry2diddyskongquest,1487
donkeykongcountry2diddyskongquest,1483
donkeykongcountry2diddyskongquest,1487
donkeykongcountry2diddyskongquest,1486
donkeykongcountry,1480
fzero,825
fzero,824
famicombunkohajimarinomori,526
finalfantasy4,1034
finalfantasy4,1037
finalfight,664
finalfight,667
finalfight,666
finalfight,664
finalfight,663
finalfight2,1601
finalfight2,1601
finalfighttough,1579
finalfighttough,1582
firstsamurai,427
fushiginodungeon2fuurainoshiren,927
ganbaregoemonyukihimekyuushutsuemaki,1447
ganbaregoemon2kiteretsushougunmagginesu,1512
ganbaregoemon3shishijuurokubeenokarakurimanjigatame,1518
gourmetsentaibarayarou,1600
heraclesnoeikou4kamigamikaranookurimono,1018
ironcommando,1600
jimpowerthelostdimensionin3d,460
kaizouchoujinshubibinmanzero,1474
kirbybowl,1982
kirbybowl,1978
kirbybowl,1979
legend,1600
magicaldrop2,1986
marionosuperpicross,781
rockmanx,331
rockmanx,329
rockmanx2,272
rockmanx3,278
mother2gyiygnogyakushuu,991
densetsunoogrebattle,889
paneldepon,1961
popntwinbee,1659
babytrex,1381
shinnekketsukouhakuniotachinobanka,1616
shinnekketsukouhakuniotachinobanka,1618
shinnekketsukouhakuniotachinobanka,1619
shinnekketsukouhakuniotachinobanka,1620
shinnekketsukouhakuniotachinobanka,1622
shinnekketsukouhakuniotachinobanka,1617
shinnekketsukouhakuniotachinobanka,1617
shinnekketsukouhakuniotachinobanka,1623
shinnekketsukouhakuniotachinobanka,1624
shinnekketsukouhakuniotachinobanka,1614
rocknrollracing,865
rockmanx,341
rockmanx2,274
rockmanx3,280
romancingsaga,1018
rtype3thethirdlightning,1431
rtype3thethirdlightning,1431
rtype3thethirdlightning,1431
seikendensetsu2,2306
seikendensetsu2,2304
seikendensetsu2,2309
seikendensetsu2,2313
seikendensetsu2,2312
seikendensetsu3,1644
starfox2,1174
starfox2,1174
stoneprotectors,1586
streetfighter2ww,1872
streetfighter2ww,1879
streetfighter2ww,1880
streetfighter2ww,1871
streetfighter2ww,1872
streetfighter2dashturbohf,1831
streetfighter2dashturbohf,1835
streetfighter2dashturbohf,1831
akumajoudraculasuper,354
akumajoudraculasuper,354
akumajoudraculasuper,353
donkeykongcountry,1492
donkeykongcountry2diddyskongquest,1491
edf,1107
edf,1107
choumakaimura,19
supermariocollection,1385
supermariocollection,1385
supermariocollection,1386
supermariocollection,1388
supermariocollection,1389
supermariorpg,1045
supermariorpg,1043
supermarioworld,1395
supermarioworld,1398
supermetroid,471
supermetroid,470
contraspirits,1546
contraspirits,1545
superpunchout,682
puyopuyo2,2526
superstreetfighter2tnc,1811
superstreetfighter2tnc,1811
superstreetfighter2tnc,1817
megaturrican,485
megaturrican,485
tacticsogreletusclingtogether,1087
teenagemutantninjaturtlesmutantwarriors,1869
teenagemutantninjaturtlesmutantwarriors,1866
teenagemutantninjaturtlesturtlesintime,1598
teenagemutantninjaturtlesturtlesintime,1594
thehumans,811
thejunglebook,221
ganbaregoemonyukihimekyuushutsuemaki,1445
zeldanodensetsukamigaminotriforce,946
thelionking,170
thelionking,175
tinhead,330
treasurehunterg,1081
seikendensetsu3,1636
seikendensetsu3,1637
seikendensetsu3,1638
seikendensetsu3,1634
seikendensetsu3,1635
seikendensetsu3,1639
seikendensetsu3,1640
seikendensetsu3,1641
seikendensetsu3,1642
zeldanodensetsukamigaminotriforce,949
zombiesatemyneighbors,1565
zombiesatemyneighbors,1565
abugslife,226
aladdin,253
chestercheetahtoocooltofool,187
digimonadventure,158
dragonballfinalbout,1856
frognes,23
hercules2,227
hindstrike,1095
marvelsuperheroesvsstreetfighter,1863
pocketmonstertaiwan,212
pokemongoldsilver,212
pokemonstadiumtaiwan,2106
shinnekketsukouhakuniotachinobanka,1625
shinnekketsukouhakuniotachinobanka,1615
souledge,1885
souledgevssamurai,1877
squirrelking,253
streetfighterexplusalphabootleg,1877
super20hab,1753
tekkenspecial,1885
kof98clone,1885
kof2000clone,1885
xmenvsstreetfighter,1864
