game_id,developer_id
1552tenkatairan,4
3x3eyessanjiyanhenjou,115
3x3eyessanjiyanhenjou,115
a3aresshadeikou3,12
acchikocchidocchi,47
advancedvg,144
adventurequiz,23
aichouaniki,100
akiyamajinnosuugakumysteryhinhwss,109
akumajoydraculaxchinorondo,83
alshark,131
anesan,103
aokiookamitoshirokimejikagh,79
matekidensetsuastralius,89
asuka120maximaburningfest,42
otakunoseiza,121
avenger,148
ayapsychicdetectiveseriesvol3,33
babel,148
babyjothesuperhero,85
bakudenunbalancezone,80
bakushouyoshimotoshinkigeki,59
basted,3
dragonseyeshanghai3,58
bazardegozarrenogamedegozarre,53
shadowofthebeast,32
bikkurimandaijikai,59
bishoujosenshisailormoonpce,145
bishoujosenshisailormooncollection,145
blackholeassault,97
bloodgear,64
bombermanpanicbomber,59
bonanzabros,103
brandish,41
browning,148
builderland,85
buraihachigyokunoyuushidensetsu,133
burai2yamikouteinogyakushuu,133
cal2,19
cal2,19
cal3,19
campaignversiondaisenryaku2,143
cardangels,45
cdbattlehikarinoyuusgatachi,78
cddenjinrockabillytengoku,127
chikichikiboys,103
chouaniki,100
choueiyuudensetsudynastichero,156
choujikuuyousaimacrosseiennolovesong,100
choujikuuyousaimacross2036,34
colorwars,152
cosmicfantasyboukenshounenyuu,148
cosmicfantasyboukenshounenyuu,148
cosmicfantasyboukenshounenyuu,148
cosmicfantasy2boukenshounenban,148
cosmicfantasy3boukenshounenrei,118
cosmicfantasy4gingashounendensetsugh,148
cosmicfantasy4gingashounendensetsuth,148
cybercityoedo808kemononoalignment,34
daisenpuu,103
daviscuptennis,85
deja,108
deadofthebrain1and2,40
deathbringertheknightofdarkness,148
dekobokodensetsuhashiruwagamanmer,148
dennoutenshidigitalange,150
develoassembler,150
develobasic,150
develomagazinevol1,150
doraemonnndn,59
doubledragon2therevenge,111
doukyuusei,36
doukyuusei,36
doukyuusei,36
doukyuusei,36
download2,103
downtownnekketsukoushinkyoku,146
downtownnekketsumonogatari,146
dragonballzidainarusongokuudensetsu,16
dragonhalf,96
dragonknightandgraffiti,36
dragonknight2,36
dragonknight3,36
dragonslayerthelegendofheroes,41
dragonslayerthelegendofheroes2,41
dungeonexplorer2,59
dungeonmastertheronsquest,38
duocomicbakuretsuhunter,94
eferaandjilioratheemblemfromdarkness,22
eikanwakiminikyzt,12
eiyuusangokushi,76
emeralddragon,95
emeralddragon,95
exiletokinohazamae,148
exile2janennojishou,148
f1circusspecialpoletowin,114
midimaze,159
faerieduststorymeikyuunoelfeene,84
cotton,59
farjiusnojakouteineometalfantasy,65
farjiusnojakouteineometalfantasy,65
fausseteamour,111
fiendhunter,131
fightingstreet,23
fightingstreet,23
finalzone2,148
flashhiders,131
lostworlds,103
formationsoccer95dellaseriea,65
frayinmagicaladventurecd,96
fushiginouminonadiatsobw,59
fuuunkabukidentengaimakyou,125
gainground,20
galaxydekagayvan,42
garoudensetsu2at,136
garoudensetsuspecial,136
gateofthunder,62
genocide,162
gensoutairikuauleria,157
gingakukeisensetsusapphire,24
gingaojousamadensetsuyuna,129
gingaojousamadensetsuyuna,128
gingaojousamadensetsuyuna2enp,125
gogobirdiechance,66
godpanicshijousaikyounogundan,147
godzillabakutouretsuden,8
goldenaxe,148
goldenaxe,148
gotzendiener,51
gradius2gofernoyabou,83
gsmikami,17
gulclighttdf2,33
kuusoukagakusekaigulliverboy,160
gyuwamblerjikochuushinhag36j,52
gyuwamblerjikochuushinhag36j,52
gyuwamblerjikochuushinhampc,52
hatarakushoujotekipakiworkinglove,105
hatsukoimonogatari,150
hatsukoimonogatari,150
hawkf123,90
hellfire,103
highgrenadier,148
hihoudensetsuchrisnobouken,11
himitsunohanazono,150
horrorstory,103
powergolf2golfer,59
humansportsfestival,65
hyakumonogatarihnawh,59
sidearmshd,103
sidearmshd,103
hyperwars,94
iqpanic,72
iganindengaou,113
imagefight2operationdeepstriker,76
inouemamikhnthnk,59
jleaguetremendoussoccer94,105
jacknicklausturbogolf,5
janshindensetsuquestofjongmaster,105
janteimonogatari,14
janteimonogatari2utdkh,13
janteimonogatari2utdsh,13
janteimonogatari3saverangels,110
jimpowerinmutantplanet,85
juuouki,20
juuouki,20
kabukiittouryoudan,125
kagaminokuninolegend,154
kaizouchoujinshubibinman3inp,100
kakutouhaoudensetsualgunos,42
kawanonushitsurishizenha,161
kazekirininjaaction,111
kazenodensetsuxanadu2,41
kiaidan00,10
kidoukeisatsupatlaborgriffonhen,133
kisoulouga,80
kisoulouga2tefs,80
koseikibeastsanjuushigfkh,120
ldis,100
ladyphantom,148
langrisser,100
laplacenoma,65
cosmicfantasyvisualshuu,84
valisvisualshuu,84
lastarmageddon,22
lastarmageddon,22
legion,148
legion,148
lemmings,31
linda3,88
linda3,88
loom,86
lordofwars,143
madstalkerfullmetalforce,81
madoumonogatari1honoonosotsuenji,104
magicalsaurustour,46
magicoal,66
mahjongclinicspecial,111
magicallemonangel,39
mahjongonthebeach,103
mahjongswordprincessquestgaiden,151
mahjongvanillasyndrome,114
mahjongvanillasyndrome,114
mamonohunteryoukomknt,36
mamonohunteryoukoty,149
martialchampion,83
mashoudenkilavaleur,80
masterofmonsters,96
megamitengoku,107
metalangel,123
metalangel2,123
metamorjupiter,43
mightandmagicbookonesecretoftheinnersanctum,103
mightandmagic3islesofterra,59
minesweeper,11
miraishounenconan,148
mitsubachigakuen,59
monstermakeryaminoryuukishi,103
monstermakeryaminoryuukishi,103
moonlightlady,105
motoroadermc,100
motteketamago,111
mugensenshivalistloafs,148
murderclub,59
mysticformula,96
nekketsukoukoudodgeballbusoccerhen,146
nekketsulegendbaseballer,122
nemurenuyorunochiisanaohanashi,106
neonectaris,59
nexzr,77
nexzrspecial,77
hokutoseinoonna,111
noriko,8
nobunaganoyaboubushoufuuunroku,79
nobunaganoyabouzenkokuban,79
ookamitekimonshoucrestofwolf,63
orgelpsychicdetectiveseriesvol4,33
pachiokunmaboroshinodensetsu,26
pachiokunmaboroshinodensetsu,26
pachiokunwarauuchuu,27
pachiokun3pachisloandpachinko,27
palladion,117
pastellime,111
policeconnection,148
pang,59
popnmagic,148
popfulmail,66
populousthepromisedlands,8
princeofpersia,134
princessmaker1,50
princessmaker2,50
princessminerva,125
privateeyedol,66
projectf,148
psychicstorm,10
puyopuyo,28
puyopuyo2,29
quizavenue,103
quizavenue2,103
quizavenue3,103
quizcaravancultq,59
quizmarugototheworld,2
quizmarugototheworld,2
quizmarugototheworld2tmno,13
quiztonosamanoyabou,59
quizdegakuensai,112
quiznohoshi,141
rtype,76
raibowislands,20
rallychampionship,119
ranmanibunnoichi,100
ranmanibunnoichidgmkr,101
ranmanibunnoichitnh,102
rayxanber2,33
rayxanber3,33
lodosstousenki,82
lodosstousenki2,57
redalert,148
rennyblaster,103
lordsoftherisingsun,25
roadspirits,11
romromstadium,100
romromkaraokevol1,154
romromkaraokevol2,154
romromkaraokevol3,154
romromkaraokevol4,154
romromkaraokevol5,154
romromkaraokevolume1,103
romromkaraokevolume1,103
romromkaraokevolume2,103
romromkaraokevolume3,103
romromkaraokevolume5,103
romromkaraokevolume6,103
ruinkaminoisan,42
ryuukonoken,8
sangokushietnn,111
sangokushi3,79
schwarzschild2,80
superschwarzschild2,80
seireisenshispriggan,28
seiryuudensetsumonbit,60
seiryuudensetsumonbit,60
seisenshidenshoujantakunokishi,114
seiyamonogatariafs,94
sengokukantousangokushi,75
sexyidolmahjong,113
sexyidolmahjongyakyuukennouta,113
sexyidolmahjongfashionmonogatari,113
shanghai2,8
shapeshifter,71
sherlockholmesconsultingdetective,70
sherlockholmesconsultingdetectivevol2,70
shinmegamitensei,74
shinnihonprowrestling94battlefieldintoukyoudome,45
shinonryousenki,45
shougidatabasekiyuu,135
simearth,91
slotgambler,114
snatcher,83
solbianca,100
solmoonarge,76
solidforce,80
sorcerian,41
sotsugyougraduation,149
sotsugyougraduation,149
sotsugyou2neogeneration,149
sotsugyoushashinmiki,26
spaceadventurecobraknd,59
spaceadventurecobra2dno,59
spaceinvaders,103
splashlake,103
sprigganmark2etp,28
starbreaker,124
starmobile,87
starparodier,77
startlingodyssey,124
startlingodyssey2maryuusensou,124
steamhearts,55
striderhiryuu,103
summercarnival92alzadick,111
superalbatross,148
superdaisenryaku,143
darius,20
darius,20
darius2,1
supermahjongtaikai,79
raiden,59
superrealmahjongp23custom,111
superrealmahjongp4,111
superrealmahjongp5,111
superrealmahjongspecialmksno,135
swordmaster,131
sylphia,153
tadaimayuushaboshuuchuu,65
taiheiki,75
tanjoudebut,149
tecmoworldcup90,93
tenchimuyouryououki,3
tenchiwokurau,103
tengaimakyouziria,125
tengaimakyouziria,125
tengaimakyouziria,125
tengaimakyou2manjimaru,125
tenshinouta,148
tenshinouta2datenshinosentaku,148
terraforming,132
theatlas,12
andrepanzakickboxing,49
kazenodensetsuxanadu,41
themanhole,30
theproyakyuu,75
theproyakyuusuper,75
theproyakyuusuper94,75
thesugoroku92naritore,148
thetvshow,131
slimeworld,73
tokimekimemorial,83
tokimekimemorial,83
tokimekimemorial,83
tokimekimemorial,83
topwoneraegunbustervol1,133
topwoneraegunbustervol2,133
traveleple,148
travellersdensetsuwobuttobase,154
uchuusenkanyamato,18
ultraboxsoukangou,46
ultrabox2gou,46
ultrabox3gou,46
ultrabox4gou,46
ultrabox5gou,46
ultrabox6gou,46
uruseiyatsurastaywithyou,59
valis2,148
valis2,148
valis2,148
valis3,148
valis3,148
valis4,148
vasteel,65
vasteel2,65
virgindream,150
whereintheworldiscarmensandiego,116
windsofthunder,128
wizardry12,140
wizardry34,140
wizardry5heartofthemaelstrom,140
wonderboy3monsterlair,155
wonderboy3monsterlair,155
worldheroes2,7
wrestleangelsdoubleimpact,56
wrestlinguniversefireprojoshidctzvsjwp,66
xak12,148
xak3theeternalrecurrence,96
yawara,139
yawara2,138
yamamuramisasuspensekksj,111
yaminoketsuzokuhk,142
yokoyamamitsuterushinsangokushitwwn,111
ys12,8
ys12,8
ys3,41
ys4,59
ys4,59
yuyuhakushoyamishoubuabk,17
zankagerounotooki,158
zero4champ2,92
zerowing,111
shadowofthebeast,32
beyondshadowgate,68
pcgenjin3pithecanthropuscomputerurus,125
pang,59
campcalifornia,69
cosmicfantasy2boukenshounenban,84
dragonslayerthelegendofheroes,41
dungeonexplorer2,59
dungeonmastertheronsquest,38
exiletokinohasamae,148
exile2janennojishou,148
cotton,59
fightingstreet,23
finalzone2,148
lostworlds,103
gateofthunderbonksadventurebonksrevenge,59
godzillabakutouretsuden,8
itcamefromthedesert,25
jacknicklausturbogolf,5
johnmaddenduocdfootball,35
redalert,84
loom,86
windsofthunder,128
lordsoftherisingsun,25
mightandmagic3islesofterra,59
wonderboy3monsterlair,155
murderclub,59
princeofpersia,134
ookamitekimonshoucrestofwolf,63
shapeshifter,71
sherlockholmesconsultingdetective,70
sherlockholmesconsultingdetectivevol2,70
simearth,91
splashlake,103
cddenjinrockabillytengoku,127
terraforming,132
theaddamsfamily,67
choueiyuudensetsudynastichero,156
magicalsaurustour,46
valis2,84
valis3,84
vasteel,65
ys12,8
ys12,8
ys3,41
ayapsychicdetectiveseriesvol3,33
bishoujosenshisailormooncollection,145
bomberman94taikenban,59
burai2yamikouteinogyakushuu,133
bomberman94,61
hypercatalogduo1994summer,9
hypercatalogduo1994summer,9
emeralddragon,95
midimaze,159
fuuunkabukidentengaimakyou,125
garoudensetsu2at,136
garoudensetsuspecial,136
gingaojousamadensetsuyuna,129
hypercatalog,48
hypercatalog2,9
hypercatalog3,9
hypercatalog4,9
hypercatalog5,9
hypercatalog6,9
hypercatalog6,9
kisoulouga,80
laplacenoma,65
madstalkerfullmetalforce,81
pcenginefanspecialcdrom1,150
popfulmail,66
lodosstousenki2,57
ryuukonoken,8
seiyamonogatariafs,94
snatcher,83
startlingodyssey2maryuusensou,124
supercddemo2,59
supercdrom2taikensoftshuu,126
kazenodensetsuxanadu,41
worldheroes2,7
avtanjou,54
avtanjou,54
avtanjou,54
bikinigirls,37
bishoujosenshiidolpai,54
cdbishoujopachinkokyuumayonshimai,54
cdhanafudabishoujofanclub,54
cdmahjongbishoujochuushinha,54
cdpachislobishoujogambler,54
fxunityukithehenshinengine,137
gingakukeisensetsusapphire,24
hawiianislandgirls,37
fxunityukithehenshinengine,137
hilegfantasy,54
hypernovablast,99
implode,98
insanity,6
jessiejaegerincleopatrascurse,21
meteorblasterdx,98
meteorblasterdx,98
mysterioussong,44
mysterioussong,44
pyramidplunder,6
revivalchase,130
shiawaseusaginuretabishoujohajimetenanoni,15
shiawaseusagi2torawareusagisailorz,15
shinsetsushiawaseusagi,15
shinsetsushiawaseusagi2keni,15
thelocalgirlsofhawaii,37
shinsetsushiawaseusagifyya,15
