game_id,screen_title_en,screen_title_native,cover_title_en,cover_title_native,release_date
3dmuseum,3D Museum,,3D Museum,,1994-02-25
3dmuseum,3D Museum,,3D Museum,,1994-06-25
3dvirtualaustralia,3D Virtual Australia,,3D Virtual Australia,,1995-03-11
akumanoshinpan,Akuma no Shinpan,悪魔の審判,Akuma no Shinpan: Konseiki Saigo no Shinri Game,悪魔の審判 今世紀最後の心理ゲーム,1993-08-20
angelmate,Angel Mate,,Angel Mate,,1993-10-25
backtotheedo,Back to the Edo,Back to the 江戸,Back to the Edo,Back to the 江戸,1994-12-22
biryojoncollectionwatanabeminayo,Bi Ryojon Collection: Watanabe Minayo Shashinshū,美リュージョンコレクション 渡辺美奈代写真集 Minayo Watanabe,Bi Ryojon Collection: Watanabe Minayo,美リュージョンコレクション 渡辺美奈代 Minayo Watanabe,1995-02-25
biryojoncollectionwatanabeminayo,Bi Ryojon Collection: Watanabe Minayo Shashinshū,美リュージョンコレクション 渡辺美奈代写真集 Minayo Watanabe,Bi Ryojon Collection: Watanabe Minayo,美リュージョンコレクション 渡辺美奈代 Minayo Watanabe,1994-10-25
biryojoncollectionsakakiyuuko,Bi Ryojon Collection Vol. 2: Sakaki Yūko Shashinshū,美リュージョンコレクション 坂木優子写真集 Yuko Sakaki,Bi Ryojon Collection: Sakaki Yūko,美リュージョンコレクション 坂木優子 Yuko Sakaki,1995-04-25
biryojoncollectionsakakiyuuko,Bi Ryojon Collection Vol. 2: Sakaki Yūko Shashinshū,美リュージョンコレクション 坂木優子写真集 Yuko Sakaki,Bi Ryojon Collection: Sakaki Yūko,美リュージョンコレクション 坂木優子 Yuko Sakaki,1994-11-25
donquixoteadreaminsevencrystals,Don Quixote,,Don Quixote: A Dream in Seven Crystals,,1994-12-22
doradoraparadise,DoraDora Paradise,ドラドラパラダイス DoraDora Paradise,DoraDora Paradise,ドラドラパラダイス DoraDora Paradise,1994-03-25
drpaolonototteokivideo,Dr. Paolo no Totteoki Video,Dr.パウロのとっておきビデオ,Dr. Paolo no Totteoki Video,Dr.パウロのとっておきビデオ,1994-10-25
ghostrush,Ghost Rush!,,Ghost Rush!,,1994-12-03
goku,Goku,,Goku,,1995-06-15
goku,Goku,,Goku,,1995-10-20
hirollerbattle,Hi-Roller Battle,,Hi-Roller Battle,,1993-12-20
hyperion,Hyperion,,Hyperion,Space Shooting Game Hyperion,1994-05-27
iwillthestoryoflondon,I Will: The Story of London,,I Will: The Story of London,,1993-08-20
bluechicagoblues,J.B.Harold: Blue Chicago Blues,,J.B.Harold: Blue Chicago Blues,,1995-04-15
bluechicagoblues,J.B.Harold: Blue Chicago Blues,,J.B.Harold: Blue Chicago Blues,,1994-12-20
laseractivenewdiscexpress1,LaserActive New Disc Express vol.1,,LA Express Vol.1,,
manhattanrequiem,Manhattan Requiem,,Manhattan Requiem,,1993-10-25
melonbrains,Melon Brains,,Melon Brains: Exploring The Mind Of The Dolphin,,1994-09-20
melonbrains,Melon Brains,,Melon Brains: Exploring The Mind Of The Dolphin,,1994-12-15
pyramidpatrol,Pyramid Patrol,,Pyramid Patrol,,1993-08-20
quizeconosaurus,Quiz Econosaurus,,Quiz Econosaurus: Econosaurus Kankyō Quiz,Quiz Econosaurus エコノザウルス環境クイズ,1993-08-20
roadblaster,Road Blaster,,Road Blaster,,1995-01-25
rocketcoaster,Rocket Coaster,,Rocket Coaster,,1993-12-20
spaceberserker,Space Berserker,,Space Berserker,,1994-02-25
thegreatpyramid,The Great Pyramid,,The Great Pyramid,,1993-08-20
timegal,Time Gal,,Time Gal,,1995-03-25
triadstone,Triad Stone,,Triad Stone,Triad Stone トライアッドストーン,1994-03-25
vajra,Vajra,वज्र Vajra,Vajra,वज्र Vajra,1993-10-25
vajrani,Vajra Ni,वज्र Vajra 弐,Vajra Ni,Vajra 弐,1994-10-31
virtualcameraman,Virtual Cameraman,,Virtual Cameraman,,1993-12-10
virtualcameraman2,Virtual Cameraman 2,Virtual Cameraman 2 タイ・プーケット ナンパ編,Virtual Cameraman 2,Virtual Cameraman 2 タイ・プーケット ナンパ編,1994-04-15
zappingsatsui,Zapping: Satsui,ザッピング 「殺意」,Zapping: Satsui,ザッピング 「殺意」,1994-08-25
zappingsatsui,Zapping: Satsui,ザッピング 「殺意」,Zapping: Satsui,ザッピング 「殺意」,1994-06-10
3dmuseum,3D Museum,,3D Museum,,1994
donquixoteadreaminsevencrystals,Don Quixote,,Don Quixote: A Dream in Seven Crystals,,1995
ghostrush,Ghost Rush!,,Ghost Rush!,,1994-12
goku,Goku,,Goku,,1995
hirollerbattle,Hi-Roller Battle,,Hi-Roller Battle,,1994-05-26
hyperion,Hyperion,,Hyperion,Space Shooting Game Hyperion,1994-07-13
iwillthestoryoflondon,I Will: The Story of London,,I Will: The Story of London,,1993-12-23
bluechicagoblues,J.B.Harold: Blue Chicago Blues,,J.B.Harold: Blue Chicago Blues,,1995
melonbrains,Melon Brains,,Melon Brains: Exploring The Mind Of The Dolphin,,1994-11-23
pyramidpatrol,Pyramid Patrol,,Pyramid Patrol,,1993-12-23
roadblaster,Road Prosecutor,,Road Prosecutor,,1995
rocketcoaster,Rocket Coaster,,Rocket Coaster,,1994-05-26
spaceberserker,Space Berserker,,Space Berserker,,1993
thegreatpyramid,The Great Pyramid,,The Great Pyramid,,1993-12-23
triadstone,Triad Stone,,Triad Stone,,1994-05-31
pyramidpatrol,Pyramid Patrol,,Pyramid Patrol,,1993
rocketcoaster,Rocket Coaster,,Rocket Coaster,,
3dmuseum,3D Museum,,3D Museum,,
backtotheedo,Back to the Edo,Back to the 江戸,Back to the Edo,Back to the 江戸,1994-12-22
donquixoteadreaminsevencrystals,Don Quixote,,Don Quixote: A Dream in Seven Crystals,,
drpaolonototteokivideo,Dr. Paolo no Totteoki Video,Dr.パウロのとっておきビデオ,Dr. Paolo no Totteoki Video,Dr.パウロのとっておきビデオ,
ghostrush,Ghost Rush!,,Ghost Rush!,,
goku,Goku,,Goku,,
hyperion,Hyperion,,Hyperion,Space Shooting Game Hyperion,
hyperion,Hyperion,,Hyperion,Space Shooting Game Hyperion,
bluechicagoblues,J.B.Harold: Blue Chicago Blues,,J.B.Harold: Blue Chicago Blues,,
melonbrains,Melon Brains,,Melon Brains: Exploring The Mind Of The Dolphin,,
roadblaster,Road Blaster,,Road Blaster,,
roadblaster,Road Prosecutor,,Road Prosecutor,,
